"show_id","type","title","director","cast","country","date_added","release_year","rating","duration","listed_in","description","date_added_asdate","date_month"
"s105","TV Show","Tayo the Little Bus","","Robyn Slade, Kami Desilets","South Korea","September 6, 2021",2016,"TV-Y","2 Seasons","Kids' TV, Korean TV Shows","As they learn their routes around the busy city, Tayo and his little bus friends discover new sights and go on exciting adventures every day.",2021-09-06,"2021-09"
"s125","TV Show","Pororo - The Little Penguin","","","South Korea","September 2, 2021",2013,"TV-Y7","3 Seasons","Kids' TV, Korean TV Shows","On a tiny island, Pororo the penguin has fun adventures with his friends Eddy the fox, Loopy the beaver, Poby the polar bear and Crong the dinosaur.",2021-09-02,"2021-09"
"s194","TV Show","D.P.","","Jung Hae-in, Koo Kyo-hwan, Kim Sung-kyun, Son Suk-ku",", South Korea","August 27, 2021",2021,"TV-MA","1 Season","International TV Shows, TV Dramas","A young private’s assignment to capture army deserters reveals the painful reality endured by each enlistee during his compulsory call of duty.",2021-08-27,"2021-08"
"s290","TV Show","The Crowned Clown","","Yeo Jin-goo, Lee Se-young, Kim Sang-kyung, Jung Hye-young, Jang Kwang, Kwon Hae-hyo, Jang Yeong-nam, Lee Kyu-han","South Korea","August 10, 2021",2019,"TV-14","1 Season","International TV Shows, Romantic TV Shows, TV Dramas","Standing in for an unhinged Joseon king, a look-alike clown plays the part but increasingly becomes devoted to protecting the throne and the people.",2021-08-10,"2021-08"
"s457","TV Show","Her Private Life","","Park Min-young, Kim Jae-uk, Ahn Bo-hyun, Jung Je-won, Park Jin-joo, Kim Bo-ra, Maeng Sang-hun, Kim Mee-kyung, Kim Sun-young, Lee Il-hwa","South Korea","July 15, 2021",2019,"TV-14","1 Season","International TV Shows, Romantic TV Shows, TV Comedies","An art curator's life unravels, as she tries to keep her pastime as a die-hard K-pop fan secret from her gallery's new director.",2021-07-15,"2021-07"
"s546","TV Show","YooHoo to the Rescue","","Kira Buckland, Ryan Bartley, Bryce Papenbrook, Cassandra Morris, Lucien Dodge, Kyle Hebert","South Korea","July 6, 2021",2020,"TV-Y","3 Seasons","Kids' TV, Korean TV Shows","In a series of magical missions, quick-witted YooHoo and his can-do crew travel the globe to help animals in need.",2021-07-06,"2021-07"
"s556","Movie","Snowpiercer","Bong Joon Ho","Chris Evans, Song Kang-ho, Ed Harris, John Hurt, Tilda Swinton, Jamie Bell, Octavia Spencer, Ewen Bremner, Alison Pill, Adnan Haskovic, Vlad Ivanov, Ko A-sung, Luke Pasqualino","South Korea, Czech Republic","July 2, 2021",2013,"R","126 min","Action & Adventure, Cult Movies, International Movies","The Earth's remaining inhabitants are confined to a single train circling the globe as revolution brews among the class-divided cars.",2021-07-02,"2021-07"
"s557","Movie","The 8th Night","Kim Tae-hyung","Lee Sung-min, Park Hae-joon, Kim You-jung, Nam Da-reum, Choi Jin-ho, Kim Dong-yeong, Lee Eal","South Korea","July 2, 2021",2021,"TV-14","116 min","Horror Movies, International Movies, Thrillers","With prayer beads in one hand and an ax in the other, a monk hunts down a millennia-old spirit that's possessing humans and unleashing hell on Earth.",2021-07-02,"2021-07"
"s687","TV Show","Hospital Playlist","","Cho Jung-seok, Yoo Yeon-seok, Jung Kyung-ho, Kim Dae-myeong, Jeon Mi-do, Kim Hae-suk, Kim Kap-soo, Jung Moon-sung","South Korea","June 18, 2021",2021,"TV-14","2 Seasons","International TV Shows, Korean TV Shows, TV Comedies","Every day is extraordinary for five doctors and their patients inside a hospital, where birth, death and everything in between coexist.",2021-06-18,"2021-06"
"s732","TV Show","Love (ft. Marriage and Divorce)","","Sung Hoon, Lee Tae-gon, Park Joo-mi, Lee Ga-ryoung, Lee Min-young, Jeon No-min, Jeon Soo-kyeong, Lim Hye-young, Song Ji-in, Moon Sung-ho, Roh Joo-hyun, Kim Ameliia, Kim Eung-soo, Lee Jong-nam, Lee Hyo-chun, Jun Hye-won, Lim Han-bin, Park Seo-kyung, Shin Su-ho, Yun Seo-hyun","South Korea","June 12, 2021",2021,"TV-14","2 Seasons","International TV Shows, TV Dramas","Everything comes unraveling for three successful women who work on a radio show as twists, turns and troubles plague their seemingly happy marriages.",2021-06-12,"2021-06"
"s763","Movie","Sweet & Sour","Lee Kae-byeok","Jang Ki-yong, Chae Soo-bin, Jung Soo-jung","South Korea","June 4, 2021",2021,"TV-14","103 min","Comedies, International Movies, Romantic Movies","Faced with real-world opportunities and challenges, a couple endures the highs and lows of trying to make a long-distance relationship survive.",2021-06-04,"2021-06"
"s885","TV Show","Move to Heaven","","Lee Je-hoon, Tang Jun-sang, Hong Seung-hee, Ji Jin-hee, Lim Won-hee, Choi Soo-young","South Korea","May 14, 2021",2021,"TV-MA","1 Season","International TV Shows, TV Dramas","Finding life in all that’s left behind, a detail-oriented trauma cleaner and his estranged uncle deliver untold stories of the departed to loved ones.",2021-05-14,"2021-05"
"s903","TV Show","Mine","","Lee Bo-young, Kim Seo-hyung, Lee Hyun-wook, Ok Ja-yeon, Cha Hak-yeon, Jeong E-suh, Park Hyuk-kwon, Park Won-sook","South Korea","May 9, 2021",2021,"TV-14","1 Season","International TV Shows, TV Dramas","Encaged in a gold-clad life of secrets and lies, two women in a conglomerate family seek to topple all that stands in their way of finding true joy.",2021-05-09,"2021-05"
"s1033","TV Show","Love Naggers","","Seo Jang-hoon, Kim Sook, Han Hye-jin, Kwak Jung-eun, Ju Wu-jae","South Korea","April 16, 2021",2021,"TV-14","1 Season","International TV Shows, Stand-Up Comedy & Talk Shows","From the quirky to the scandalous, any relationship is fair game for a panel of love experts who comb over text messages and revel in reenactments.",2021-04-16,"2021-04"
"s1063","TV Show","Law School","","Kim Myung-min, Kim Beom, Ryu Hye-young, Lee Jung-eun, Park Hyuk-kwon, An Nae-sang, Chung Won-joong, Lee Su-kyoung, Lee David, Go Youn-jung, Hyunwoo","South Korea","April 14, 2021",2021,"TV-14","1 Season","Crime TV Shows, International TV Shows, TV Dramas","When a grim incident occurs at their prestigious school, justice through law is put to a test by a tough law professor and his ambitious students.",2021-04-14,"2021-04"
"s1065","TV Show","Signal","","Kim Hye-su, Lee Je-hoon, Cho Jin-woong, Jang Hyun-sung, Jeong Hae-gyoon, Kim Won-hae, Jung Han-bi, Lee Yu-jun, Son Hyeon-ju","South Korea","April 14, 2021",2016,"TV-MA","1 Season","Crime TV Shows, International TV Shows, Korean TV Shows","Communicating via a walkie-talkie that transcends time, a profiler from 2015 and a detective from 1989 join forces to tackle crimes and injustice.",2021-04-14,"2021-04"
"s1086","Movie","Night in Paradise","Park Hoon-jung","Um Tae-goo, Jeon Yeo-been, Cha Seoung-won, Lee Ki-young, Park Ho-san","South Korea","April 9, 2021",2021,"TV-MA","132 min","Dramas, International Movies","Hiding out in Jeju Island following a brutal tragedy, a wronged mobster with a target on his back connects with a woman who has her own demons.",2021-04-09,"2021-04"
"s1149","TV Show","Robocar Poli","","Donald Reignoux, Alexis Tomassian, Thomas Sagols, Pierre Francois Pistori, Bruno Magne, Catherine Desplaces, Fily Keita, Adeline Chetail, Bertrand Liebert, Christophe Lemoine","South Korea","March 31, 2021",2015,"TV-Y","2 Seasons","Kids' TV, Korean TV Shows","When disaster strikes in Brooms Town, police car Robocar Poli, fire truck Robotruck Roy and their friends on the rescue team race to save the day.",2021-03-31,"2021-03"
"s1174","TV Show","Men on a Mission","Jung-ah Im","Ho-dong Kang, Soo-geun Lee, Sang-min Lee, Young-chul Kim, Jang-hoon Seo, Hee-chul Kim, Kyung-hoon Min","South Korea","March 23, 2021",2021,"TV-14","6 Seasons","International TV Shows, Korean TV Shows, Stand-Up Comedy & Talk Shows","Male celebs play make-believe as high schoolers, welcoming star transfer students every week and engaging in battles of witty humor and slapstick.",2021-03-23,"2021-03"
"s1175","TV Show","Navillera","","Park In-hwan, Song Kang, Na Moon-hee, Hong Seung-hee, Cho Seong-ha, Kim Tae-hun, Cheong Hae-kyun, Kim Soo-jin, Jo Bok-rae, Kim Kwon","South Korea","March 23, 2021",2021,"TV-14","1 Season","International TV Shows, TV Dramas","A 70-year-old with a dream and a 23-year-old with a gift lift each other out of harsh realities and rise to the challenge of becoming ballerinos.",2021-03-23,"2021-03"
"s1211","TV Show","Love Alarm","","Kim So-hyun, Jung Ga-ram, Song Kang, Ko Min-si, Z. Hera, Shin Seung-ho, Lee Jae-eung, Song Sun-mi","South Korea","March 12, 2021",2021,"TV-MA","2 Seasons","International TV Shows, Korean TV Shows, Romantic TV Shows","In a world where an app alerts people if someone in the vicinity likes them, Kim Jojo experiences young love while coping with personal adversities.",2021-03-12,"2021-03"
"s1286","TV Show","Vincenzo","","Song Joong-ki, Jeon Yeo-been, Ok Taec-yeon, Yoo Jae-myung, Kim Yeo-jin, Kwak Dong-yeon, Cho Han-cheul","South Korea","February 21, 2021",2021,"TV-14","1 Season","International TV Shows, TV Comedies, TV Dramas","During a visit to his motherland, a Korean-Italian mafia lawyer gives an unrivaled conglomerate a taste of its own medicine with a side of justice.",2021-02-21,"2021-02"
"s1297","TV Show","Hello, Me!","","Choi Kang-hee, Kim Young-kwang, Lee Re, Um Mun-suk, Kim You-mi, Ji Seung-hyun, Yoon Joo-sang, Baek Hyun-joo, Kim Yong-rim, Kim Byung-choon, Yun Bok-in, Jung Yi-rang, Moon Seong-hyun, Kim Mi-hwa, Kim Do-yeon, Choi Dae-chul, Kang Tae-ju, Park Chul-min, Jung Dae-ro, Shin Mun-seong, Kim Ki-ri, Koh Woo-ri, Choi Tae-hwan","South Korea","February 18, 2021",2021,"TV-14","1 Season","International TV Shows, Romantic TV Shows, TV Comedies","Miserable and unsuccessful, a woman thinks she's lost all her spark — until one day, her spunky younger self appears in front of her demanding change.",2021-02-18,"2021-02"
"s1299","TV Show","Sisyphus","","Cho Seung-woo, Park Shin-hye, Sung Dong-il, Tae In-ho, Chae Jong-hyeop, Jeong He-in, Kim Jong-tae, Choi Jung-woo, Go Yoon, Heo Joon-seok, Jeon Kook-hwan, Tae Won-seok","South Korea","February 18, 2021",2021,"TV-14","1 Season","International TV Shows, TV Action & Adventure, TV Dramas","An unfathomable incident introduces a genius engineer to dangerous secrets of the world — and to a woman from the future who's come looking for him.",2021-02-18,"2021-02"
"s1343","Movie","Space Sweepers","Jo Sung-hee","Song Joong-ki, Kim Tae-ri, Jin Sun-kyu, Yoo Hai-jin, Richard Armitage, Park Ye-rin","South Korea","February 5, 2021",2021,"TV-MA","138 min","Action & Adventure, Dramas, International Movies","Chasing after space debris and faraway dreams in year 2092, four misfits unearth explosive secrets during the attempted trade of a wide-eyed humanoid.",2021-02-05,"2021-02"
"s1385","TV Show","Busted!","","Yoo Jae-suk, Ahn Jae-wook, Kim Jong-min, Lee Kwang-soo, Park Min-young, Sehun, Kim Se-jeong","South Korea","January 22, 2021",2021,"TV-14","3 Seasons","Crime TV Shows, International TV Shows, Korean TV Shows","Tackling different mysteries in each episode of this game show, seven sleuths get closer to solving the biggest one of all: What happened to Project D?",2021-01-22,"2021-01"
"s1408","Movie","Pinkfong & Baby Shark's Space Adventure","Byeon Hee-sun","Jo Kyoung-i, Kim Seo-yeong, Kim Eun-ah, Jeong Jae-heon","United States, South Korea","January 15, 2021",2019,"TV-Y","65 min","Children & Family Movies","Joined by new friends from other planets, Pinkfong and Baby Shark explore outer space and search for missing star pieces to return home.",2021-01-15,"2021-01"
"s1413","Movie","Wish You","Sung Do-jun","Kang In-soo, Lee Sang, Soo-bin","South Korea","January 15, 2021",2021,"TV-PG","102 min","Dramas, International Movies, LGBTQ Movies","Singing and dreaming together, a talented singer-songwriter and a same-aged keyboardist add harmony and love to each other’s lives.",2021-01-15,"2021-01"
"s1469","Movie","What Happened to Mr. Cha?","Kim Dong-kyu","Cha In-pyo, Cho Dal-hwan, Song Jae-ryong","South Korea","January 1, 2021",2021,"TV-MA","102 min","Comedies, International Movies","With the peak of his career long behind him, an actor clings to his past glory — until a sudden wake-up call forces him to face who he's become.",2021-01-01,"2021-01"
"s1484","TV Show","A Love So Beautiful","","Kim Yo-han, So Joo-yeon, Yeo Hoi-hyun, Jeong Jin-hwan, Jo Hye-joo, Yun Seo-hyun, Cho Ryun, Kim Sung-gon, Seong Hye-min, Park Ji-won","South Korea","December 28, 2020",2020,"TV-PG","1 Season","International TV Shows, Romantic TV Shows, TV Comedies","Love is as tough as it is sweet for a lovestruck teenager, whose relationship with her next-door neighbor transforms as they grow into adulthood.",2020-12-28,"2020-12"
"s1504","TV Show","Lovestruck in the City","","Ji Chang-wook, Kim Ji-won, Kim Min-seok, Han Ji-eun, Ryu Gyeong-soo, So Joo-yeon","South Korea","December 22, 2020",2020,"TV-14","1 Season","International TV Shows, Romantic TV Shows, TV Comedies","Heart stolen by a free-spirited woman after a beachside romance, a passionate architect sets out to reunite with her on the streets of Seoul.",2020-12-22,"2020-12"
"s1529","TV Show","Run On","","Yim Si-wan, Shin Sae-kyeong, Choi Soo-young, Kang Tae-oh, Park Yeong-gyu, Cha Hwa-yeon, Lee Bong-ryeon, Ryu Abell, Seo Jae-hee, Yeon Je-wook, Choi Jae-hyun, Lee Jeong-ha, Park Sung-jun, Lee Hwang-eui, Lee Shin-ki, Kim Dong-yeong, Kim Si-eun, Kim Si-young","South Korea","December 17, 2020",2020,"TV-MA","1 Season","International TV Shows, Romantic TV Shows, TV Comedies","Veering off course from his preset path, a track star follows his own pace and heart for the first time after a film translator steps into his life.",2020-12-17,"2020-12"
"s1584","TV Show","100 Days My Prince","","Doh Kyung-soo, Nam Ji-hyun, Cho Seong-ha, Cho Han-cheul, Kim Seon-ho, Han So-hee","South Korea","December 7, 2020",2018,"TV-14","1 Season","International TV Shows, Romantic TV Shows, TV Dramas","Upon losing his memory, a crown prince encounters a commoner’s life and experiences unforgettable love as the husband to Joseon’s oldest bachelorette.",2020-12-07,"2020-12"
"s1626","TV Show","The Guest","","Kim Dong-wook, Kim Jae-uk, Jung Eun-chae, Ahn Nae-sang, Lee Won-jong, Park Ho-san","South Korea","December 1, 2020",2018,"TV-14","1 Season","International TV Shows, TV Horror, TV Mysteries","Bound together by a tragic past, a psychic, a priest and a detective join forces to take down a powerful spirit that's driven by bloodthirst.",2020-12-01,"2020-12"
"s1635","TV Show","The Uncanny Counter","","Cho Byeong-kyu, Yu Jun-sang, Kim Se-jeong, Yeom Hye-ran, Ahn Seok-hwan, Moon Sook, Choi Yoon-young, Lee Hong-nae","South Korea","November 29, 2020",2020,"TV-14","1 Season","International TV Shows, TV Action & Adventure, TV Dramas","Noodle shop employees by day and demon hunters by night, the Counters use special abilities to chase down malevolent spirits that prey on humans.",2020-11-29,"2020-11"
"s1644","Movie","The Call","Lee Chung-hyun","Park Shin-hye, Jun Jong-seo, Kim Sung-ryoung, EL, Park Ho-san, Oh Jung-se, Lee Dong-hwi, Um Chae-young","South Korea","November 27, 2020",2020,"TV-MA","112 min","International Movies, Thrillers","Connected by phone in the same home but 20 years apart, a serial killer puts another woman’s past — and life — on the line to change her own fate.",2020-11-27,"2020-11"
"s1662","TV Show","Strongest Deliveryman","","Ko Kyung-pyo, Chae Soo-bin, Kim Seon-ho, Go Won-hee","South Korea","November 23, 2020",2017,"TV-MA","1 Season","International TV Shows, Romantic TV Shows, TV Dramas","Two gutsy food delivery workers strive to overcome their socioeconomic disadvantages to achieve big goals – and bump into love along the way.",2020-11-23,"2020-11"
"s1712","TV Show","Graceful Friends","","Yu Jun-sang, Song Yoon-a, Bae Soo-bin, Kim Sung-oh, Jung Seok-yong, Kim Won-hae","South Korea","November 12, 2020",2020,"TV-MA","1 Season","Crime TV Shows, International TV Shows, TV Dramas","When a sudden death brings everyone’s dirty secrets to the surface, the lives and marriages of a group of close-knit friends unravel out of control.",2020-11-12,"2020-11"
"s1767","TV Show","The Good Detective","","Son Hyun-joo, Jang Seung-jo, Lee Elijah, Oh Jung-se","South Korea","November 1, 2020",2020,"TV-MA","1 Season","Crime TV Shows, International TV Shows, TV Dramas","When doubts rise about a five-year-old murder conviction, a veteran detective partners with a young hotshot to hunt down the case's hidden truths.",2020-11-01,"2020-11"
"s1770","TV Show","Voice","","Jang Hyuk, Lee Ha-na, Baek Sung-hyun, Ye-sung, Son Eun-seo, Kwon Jae-hwan, Lee Ju-seung, Kim Jae-wook","South Korea","November 1, 2020",2018,"TV-14","2 Seasons","Crime TV Shows, International TV Shows, Korean TV Shows","A deft detective whose wife is killed by a serial murderer teams up with a rookie cop, a gifted voice profiler dealing with her own father’s murder.",2020-11-01,"2020-11"
"s1835","TV Show","Start-Up","","Bae Suzy, Nam Joo-hyuk, Kim Seon-ho, Kang Han-na, Kim Do-wan, Yu Su-bin, Stephanie Lee, Kim Hae-sook, Seo Yi-sook, Song Sun-mi","South Korea","October 18, 2020",2020,"TV-14","1 Season","International TV Shows, Romantic TV Shows, TV Comedies","Young entrepreneurs aspiring to launch virtual dreams into reality compete for success and love in the cutthroat world of Korea's high-tech industry.",2020-10-18,"2020-10"
"s1871","Movie","My Step Dad: The Hippie","Meltem Bozoflu","Onur Buldu, Mahir İpek, Derya Karadaş, Onur Attila, Meltem Yılmazkaya, Yasemin Conka, Burak Topaloglu, Sefik Taylan, Orkun Karagöz, Erdogan Aydin","Turkey, South Korea","October 9, 2020",2018,"TV-MA","100 min","Comedies, International Movies","When three adult siblings meet the offbeat man who their widowed mom fawns over, they take drastic actions to stop them from ever getting married.",2020-10-09,"2020-10"
"s1876","TV Show","Do Do Sol Sol La La Sol","","Go A-ra, Lee Jae-wook, Kim Ju-hun, Ye Ji-won, Lee Soon-jae, Shin Eun-soo, Seo Yi-sook","South Korea","October 8, 2020",2020,"TV-14","1 Season","International TV Shows, Romantic TV Shows, TV Comedies","A riches-to-rags pianist who loses everything but her smile is guided by twinkling little stars to a small town where she finds hope, home and love.",2020-10-08,"2020-10"
"s1878","TV Show","Private Lives","","Seohyun, Ko Kyung-pyo, Kim Hyo-jin, Kim Young-min, Tae Won-seok, Song Sun-mi, Park Seong-geun, Jang Jin-hee, Yoon Sa-bong, Lee Hak-ju, Song Sang-eun, Jang Won-hyeok, Yoo Hee-je, Min Zio, Kim Min-sang, Kim Ba-da, Cha Soo-yeon","South Korea","October 8, 2020",2020,"TV-14","1 Season","Crime TV Shows, International TV Shows, TV Dramas","In a world where data is no longer private, con artists uncover a sinister surveillance scheme headed by the government and a greedy corporation.",2020-10-08,"2020-10"
"s1908","TV Show","Familiar Wife","","Ji Sung, Han Ji-min, Kang Han-na, Jang Seung-jo","South Korea","October 1, 2020",2018,"TV-MA","1 Season","International TV Shows, Romantic TV Shows, TV Dramas","After receiving a bizarre chance to go back in time, a man wakes up to find that his whole life — including the person he married — is different.",2020-10-01,"2020-10"
"s1956","TV Show","The School Nurse Files","","Jung Yu-mi, Nam Joo-hyuk","South Korea","September 25, 2020",2020,"TV-MA","1 Season","International TV Shows, TV Dramas, TV Mysteries","Wielding a light-up sword through the dark corners of a high school, a nurse with an unusual gift protects students from monsters only she can see.",2020-09-25,"2020-09"
"s2037","Movie","#Alive","Cho Il","Yoo Ah-in, Park Shin-hye","South Korea","September 8, 2020",2020,"TV-MA","99 min","Horror Movies, International Movies, Thrillers","As a grisly virus rampages a city, a lone man stays locked inside his apartment, digitally cut off from seeking help and desperate to find a way out.",2020-09-08,"2020-09"
"s2038","TV Show","Record of Youth","","Park Bo-gum, Park So-dam, Byeon Woo-seok, Ha Hee-ra, Shin Ae-ra, Han Jin-hee, Shin Dong-mi, Lee Chang-hoon, Kwon Soo-hyun, Cho Yu-jung, Park Su-young, Seo Sang-won, Lee Jae-won","South Korea","September 8, 2020",2020,"TV-14","1 Season","International TV Shows, Romantic TV Shows, TV Dramas","Two actors and a makeup artist fight to make their own way in a world that weighs the backgrounds they were born into more than their dreams.",2020-09-08,"2020-09"
"s2109","TV Show","Goedam","Hong Won-ki","SEOLA, Lee Hyun-joo, Song Chae-yun, Han Ga-rim, Shim So-young","South Korea","August 20, 2020",2020,"TV-MA","1 Season","International TV Shows, TV Horror, TV Mysteries","When night falls on the city, shadows and spirits come alive in this horror anthology series centered on urban legends.",2020-08-20,"2020-08"
"s2123","TV Show","Stranger","","Seung-woo Cho, Doona Bae, Joon-hyuk Lee, Kyeong-yeong Lee, Jae-myung Yoo, Hye-sun Shin","South Korea","August 16, 2020",2020,"TV-MA","2 Seasons","Crime TV Shows, International TV Shows, Korean TV Shows","With the help of a gutsy female detective, a prosecutor who has lost the ability to feel empathy tackles a murder case amid political corruption.",2020-08-16,"2020-08"
"s2208","Movie","Animal Crackers","Tony Bancroft, Scott Christian Sava","Emily Blunt, John Krasinski, Ian McKellen, Danny DeVito, Raven-Symoné, Patrick Warburton, Wallace Shawn, Gilbert Gottfried, Tara Strong, Harvey Fierstein, James Arnold Taylor, Kevin Grevioux, Sylvester Stallone, Lydia Rose Taylor","China, Spain, South Korea, United States","July 24, 2020",2020,"TV-Y7","106 min","Children & Family Movies, Comedies","Enchanted animal crackers turn Owen into whatever shape he eats! But to save the family circus, he'll have to keep them out of his evil uncle's hands.",2020-07-24,"2020-07"
"s2216","Movie","The Larva Island Movie","Ahn Byoung-wook","Hong Bum-ki, Eddy Lee, Kang Shi-hyun, Ahn Hyo-min, Kim Yeon-woo, Choi Nak-yoon, Tom Wayland, Erica Schroeder","South Korea","July 23, 2020",2020,"TV-Y7","91 min","Children & Family Movies, Comedies","In this movie sequel to the hit series, Chuck returns home and talks to a reporter about life on the island with zany larva pals Red and Yellow.",2020-07-23,"2020-07"
"s2256","TV Show","Was It Love?","","Song Ji-hyo, Son Ho-jun, Song Jong-ho, Koo Ja-sung, Kim Min-jun, Kim Da-som, Kim Mee-kyung, Um Chae-young, Kim Young-ah, Kim Byung-choon","South Korea","July 9, 2020",2020,"TV-14","1 Season","International TV Shows, Korean TV Shows, Romantic TV Shows","When four very different men appear in her life, a single mother who hasn't dated in years begins to rediscover love — and herself.",2020-07-09,"2020-07"
"s2338","TV Show","Twogether","","Lee Seung-gi, Jasper Liu","South Korea","June 26, 2020",2020,"TV-G","1 Season","International TV Shows, Korean TV Shows, Reality TV","Paired together for an unforgettable trip across Asia, stars Lee Seung-gi and Jasper Liu become buddies as they connect with fans and local cultures.",2020-06-26,"2020-06"
"s2350","TV Show","It's Okay to Not Be Okay","","Kim Soo-hyun, Seo Yea-ji, Oh Jung-se, Park Gyu-young, Kim Ju-hun, Kim Chang-wan, Kim Mee-kyung, Kang Ki-doong, Jang Young-nam","South Korea","June 21, 2020",2020,"TV-MA","1 Season","International TV Shows, Korean TV Shows, Romantic TV Shows","An extraordinary road to emotional healing opens up for an antisocial children's book writer and a selfless psych ward caretaker when they cross paths.",2020-06-21,"2020-06"
"s2378","Movie","The Nut Job","Peter Lepeniotis","Will Arnett, Brendan Fraser, Gabriel Iglesias, Jeff Dunham, Liam Neeson, Katherine Heigl, Stephen Lang, Maya Rudolph, Sarah Gadon, James Rankin","Canada, South Korea, United States","June 18, 2020",2014,"PG","85 min","Children & Family Movies, Comedies","When his grouchy attitude gets him kicked out of the park, Surly the squirrel hatches a plan to rob Maury's Nut Shop to stock up for winter.",2020-06-18,"2020-06"
"s2409","TV Show","My Mister","","Lee Sun-kyun, Lee Ji-eun (IU), Go Du-sim, Park Ho-san, Song Sae-byeok, Kim Young-min","South Korea","June 10, 2020",2018,"TV-MA","1 Season","Crime TV Shows, International TV Shows, Korean TV Shows","In a world that is less than kind, a young woman and a middle-aged man develop a sense of kinship as they find warmth and comfort in one another.",2020-06-10,"2020-06"
"s2411","Movie","The Witch: Part 1 - The Subversion","Park Hoon-jung","Kim Da-mi, Cho Min-soo, Choi Woo-shik, Park Hee-soon, Choi Jung-woo, Ko Min-si, Oh Mi-hee, Kim Byung-ok","South Korea","June 10, 2020",2018,"TV-MA","126 min","Action & Adventure, International Movies, Sci-Fi & Fantasy","The life of a seemingly ordinary high school student with a mysterious past is turned upside down when a group of strangers show up and wreak havoc.",2020-06-10,"2020-06"
"s2448","TV Show","Dear My Friends","","Shin Gu, Kim Yeong-ok, Kim Hye-ja, Na Mun-hee, Ju Hyun, Youn Yuh-jung, Park Won-suk, Go Du-sim, Ko Hyun-jung","South Korea","June 1, 2020",2016,"TV-MA","1 Season","International TV Shows, Korean TV Shows, TV Dramas","Life is ever-delightful — and ever-challenging — for a group of friends in their twilight years as they rediscover themselves through love and family.",2020-06-01,"2020-06"
"s2453","TV Show","My Shy Boss","","Yeon Woo-jin, Park Hye-su, Yoon Bak, Gong Seung-yeon","South Korea","June 1, 2020",2017,"TV-MA","1 Season","International TV Shows, Korean TV Shows, Romantic TV Shows","The isolated life of an extreme introvert is thrown out of order when his company hires a new employee: a cheery extrovert who's not all she seems.",2020-06-01,"2020-06"
"s2454","TV Show","Revolutionary Love","","Choi Si-won, Kang So-ra, Gong Myoung","South Korea","June 1, 2020",2017,"TV-MA","1 Season","International TV Shows, Korean TV Shows, Romantic TV Shows","A third-generation chaebol falls in love with a woman who opens his eyes to the struggles of the working class and inspires him to make a difference.",2020-06-01,"2020-06"
"s2487","TV Show","Mystic Pop-up Bar","","Hwang Jung-eum, Yook Sung-jae, Choi Won-young, Lee Jun-hyeok, Jeong Da-eun, Na In-woo, Yeom Hye-ran, Park Eun-hye, Park Si-eun, Song Geon-hee, Kim Hee-jung, Ahn Tae-hwan","South Korea","May 21, 2020",2020,"TV-MA","1 Season","International TV Shows, Korean TV Shows, TV Comedies","A young man with a unique ability begins working for a centuries-old bar owner who resolves her customers' emotional troubles by entering their dreams.",2020-05-21,"2020-05"
"s2518","TV Show","Boys Over Flowers","","Ku Hye-sun, Lee Min-ho, Kim Hyun-joong, Kim Bum, Kim Joon, Kim So-eun, Lee Hye-yeong, Park Ji-bin, Lim Ye-jin, Jeong Ho-bin","South Korea","May 16, 2020",2009,"TV-14","1 Season","International TV Shows, Korean TV Shows, Romantic TV Shows","Unassuming high school girl Jan-di stands up to – and eventually falls for – a spoiled rich kid who belongs to the school's most powerful clique.",2020-05-16,"2020-05"
"s2519","TV Show","Iris","","Lee Byung-hun, Kim Tae-hee, Jeong Jun-ho, Kim Young-chul, Kim Seung-woo, Kim So-yeon, Yun Ju-sang, Lee Jeong-kil","South Korea","May 16, 2020",2009,"TV-14","1 Season","International TV Shows, Korean TV Shows, TV Action & Adventure","Two friends' lives are changed forever when they are recruited by a top-secret organization tasked with protecting the country from foreign threats.",2020-05-16,"2020-05"
"s2529","TV Show","Strangers from Hell","","Lee Dong-wook, Im Si-wan, Lee Jung-eun, Lee Hyun-wook, Park Jong-hwan, Lee Joong-ok, Ahn Eun-jin","South Korea","May 15, 2020",2019,"TV-MA","1 Season","International TV Shows, Korean TV Shows, TV Horror","Unpleasant events disturb the life of an aspiring crime fiction writer when he becomes a resident of an apartment building teeming with shady neighbors.",2020-05-15,"2020-05"
"s2563","Movie","Arctic Dogs","Aaron Woodley","Jeremy Renner, Heidi Klum, James Franco, John Cleese, Omar Sy, Michael Madsen, Laurie Holden, Anjelica Huston, Alec Baldwin, Donny Falsetti","India, United Kingdom, China, Canada, Japan, South Korea, United States","May 4, 2020",2019,"PG","93 min","Children & Family Movies, Comedies","When he stumbles upon evil Otto Von Walrus's scheme to melt the Arctic, ambitious delivery fox Swifty assembles a ragtag crew to protect the planet.",2020-05-04,"2020-05"
"s2607","TV Show","Extracurricular","","Kim Dong-hee, Jung Da-bin, Park Ju-hyun, Nam Yoon-su, Choi Min-soo, Kim Yeo-jin, Park Hyuk-kwon","South Korea","April 29, 2020",2020,"TV-MA","1 Season","Crime TV Shows, International TV Shows, Korean TV Shows","A model high school student who's steeped in a world of serious crime finds his double life upended when a classmate takes an interest in his secret.",2020-04-29,"2020-04"
"s2632","TV Show","My Secret Romance","","Sung Hoon, Song Ji-eun, Kim Jae-young, Jeong Da-sol, Lee Kan-hee, Kim Jong-goo, Park Sin-un, Jeon So-min","South Korea","April 25, 2020",2017,"TV-14","1 Season","International TV Shows, Korean TV Shows, Romantic TV Shows","A nutritionist gets entangled in a series of misunderstandings with her new chaebol boss – who turns out to be someone she slept with in the past.",2020-04-25,"2020-04"
"s2651","Movie","Time to Hunt","Yoon Sung-hyun","Lee Je-hoon, Ahn Jae-hong, Choi Woo-shik, Park Jeong-min, Park Hae-soo","South Korea","April 23, 2020",2020,"TV-MA","135 min","International Movies, Thrillers","Wanting to leave their dystopian world behind for a faraway paradise, three outlaws plot a money heist — and draw the attention of a vicious killer.",2020-04-23,"2020-04"
"s2666","TV Show","The King: Eternal Monarch","","Lee Min-ho, Kim Go-eun, Woo Do‑hwan, Kim Kyung-nam, Jung Eun-chae, Lee Jung-jin, Kim Young-ok","South Korea","April 18, 2020",2020,"TV-14","1 Season","Crime TV Shows, International TV Shows, Korean TV Shows","A modern-day Korean emperor passes through a mysterious portal and into a parallel world, where he encounters a feisty police detective.",2020-04-18,"2020-04"
"s2762","TV Show","Rugal","","Choi Jin-hyuk, Park Sung-woong, Cho Dong-hyuk, Jung Hye-in, Han Ji-wan, Park Sun-ho, Kim Min-sang","South Korea","March 29, 2020",2020,"TV-MA","1 Season","Crime TV Shows, International TV Shows, Korean TV Shows","A police detective who loses everything to a criminal organization seeks payback when he gains special abilities through biotechnology.",2020-03-29,"2020-03"
"s2822","TV Show","Kingdom","Kim Seong-hun","Ju Ji-hoon, Ryu Seung-ryong, Bae Doona, Kim Sang-ho, Kim Sung-kyu, Jeon Seok-ho, Kim Hye-jun, Heo Jun-ho, Jung Suk-won, Kim Jong-soo","South Korea, United States","March 13, 2020",2020,"TV-MA","2 Seasons","International TV Shows, Korean TV Shows, TV Action & Adventure","While strange rumors about their ill king grip a kingdom, the crown prince becomes their only hope against a mysterious plague overtaking the land.",2020-03-13,"2020-03"
"s2889","TV Show","Hi Bye, Mama!","","Kim Tae-hee, Lee Kyoo-hyung, Go Bo-gyeol, Shin Dong-mi, Seo Woo-jin, Lee Si-woo, Oh Eui-sik, Ahn Nae-sang, Kim Mee-kyeong, Park Su-young, Kim Mi-su, Yoon Sa-bong","South Korea","February 23, 2020",2020,"TV-14","1 Season","International TV Shows, Korean TV Shows, Romantic TV Shows","When the ghost of a woman gains a second chance at life for 49 days, she reappears in front of her remarried husband and young daughter.",2020-02-23,"2020-02"
"s2893","TV Show","Hyena","","Kim Hye-soo, Ju Ji-hoon, Lee Gyoung-young, Kim Ho-jung, Song Young-kyu, Hwang Bo-ra, Jeon Seok-ho, Hyun Bong-sik, Park Se-jin","South Korea","February 21, 2020",2020,"TV-MA","1 Season","International TV Shows, Korean TV Shows, Romantic TV Shows","To survive in a dog-eat-dog world, two rival lawyers with high-class clientele tear apart anything that stands in the way of their ambitions.",2020-02-21,"2020-02"
"s2960","TV Show","Itaewon Class","","Park Seo-joon, Kim Da-mi, Yu Jae-myeong, Kwon Na-ra, Kim Dong-hee, Ahn Bo-hyun, Kim Hye-eun, Ryu Gyeong-su, Lee Joo-young, Chris Lyon","South Korea","February 1, 2020",2020,"TV-MA","1 Season","International TV Shows, Korean TV Shows, TV Dramas","In a colorful Seoul neighborhood, an ex-con and his friends fight a mighty foe to make their ambitious dreams for their street bar a reality.",2020-02-01,"2020-02"
"s2963","TV Show","Miraculous: Tales of Ladybug & Cat Noir","Thomas Astruc","Cristina Vee, Bryce Papenbrook, Keith Silverstein, Mela Lee, Max Mittelman, Carrie Keranen, Stephanie Sheh, André Gordon, Matthew Mercer, Christopher Corey Smith, Philece Sampler, Selah Victor, Marieve Herington, Ben Diskin, Kira Buckland, Erin Fitzgerald, Grant George, Ethan Murray, David Roach, Todd Haberkorn","France, South Korea, Japan, United States","February 1, 2020",2019,"TV-Y7","5 Seasons","Kids' TV, TV Action & Adventure","When Paris is in peril, Marinette becomes Ladybug. Little does she know, her school crush Adrien is actually Cat Noir, another city-saving superhero.",2020-02-01,"2020-02"
"s3052","Movie","Aruna & Her Palate","Edwin","Dian Sastrowardoyo, Oka Antara, Hannah Al Rashid, Nicholas Saputra, Deddy Mahendra Desta, Ayu Azhari","Indonesia, South Korea, Singapore","January 1, 2020",2018,"TV-14","106 min","Dramas, International Movies","An epidemiologist turns her nationwide bird flu investigation into a chance to sample local delicacies en route, with three friends along for the ride.",2020-01-01,"2020-01"
"s3053","TV Show","Because This Is My First Life","","Lee Min-ki, Jung So-min, Esom, Kim Ga-eun, Park Byung-eun, Kim Min-seok, Moon Hee-kyung, Kim Byung-ok, Kim Sun-young","South Korea","January 1, 2020",2017,"TV-14","1 Season","International TV Shows, Korean TV Shows, Romantic TV Shows","Two housemates get married for financial convenience, but discover nothing is simple when it comes to demanding in-laws, or facing their growing bond.",2020-01-01,"2020-01"
"s3059","Movie","Garfield's Fun Fest","Mark A.Z. Dippé, Eondeok Han","Frank Welker, Tim Conway, Gregg Berger, Wally Wingert, Audrey Wasilewski, Fred Tatasciore, Stephen Stanton, Jennifer Darling, Neil Ross, Greg Eagles","United States, South Korea","January 1, 2020",2008,"TV-Y7","79 min","Children & Family Movies, Comedies","Garfield has long been the champ at a yearly competition for the funniest comic strip. But this time, Garfield must battle tall, handsome Ramone.",2020-01-01,"2020-01"
"s3060","Movie","Garfield's Pet Force","Mark A.Z. Dippé","Frank Welker, Vanessa Marshall, Gregg Berger, Wally Wingert, Audrey Wasilewski, Jason Marsden, Fred Tatasciore, Stephen Stanton, Jennifer Darling, Neil Ross, Greg Eagles, Cathy Cavadini, David Michie, Greg Finley","South Korea, United States","January 1, 2020",2009,"G","78 min","Children & Family Movies, Comedies","When an alien menace and her army of undead minions threaten to enslave the world, Garfield heads a team of comic-strip superheroes to save the day.",2020-01-01,"2020-01"
"s3064","TV Show","Live Up To Your Name","","Kim Nam-gil, Kim Ah-joong, Yoo Min-kyu, Moon Ga-young, Yun Ju-sang, Um Hyo-sup, An Seok-hwan, Lee Dae-yeon, Oh Dae-whan","South Korea","January 1, 2020",2017,"TV-MA","1 Season","International TV Shows, Korean TV Shows, Romantic TV Shows","Pushed together by twists of time, a Joseon doctor and a cardiac surgeon overcome their 400-year divide as they learn and heal through each other.",2020-01-01,"2020-01"
"s3072","TV Show","Reply 1988","","Lee Hye-ri, Park Bo-gum, Ryu Jun-yeol, Ko Kyoung-pyo, Lee Dong-hwi, Ryu Hye-young, Sung Dong-il, Lee Il-hwa","South Korea","January 1, 2020",2015,"TV-14","1 Season","International TV Shows, Korean TV Shows, Romantic TV Shows","Take a nostalgic trip back to the late 1980s through the lives of five families and their five teenage kids living in a small neighborhood in Seoul.",2020-01-01,"2020-01"
"s3075","TV Show","Save Me","","Taecyeon, Seo Ye-ji, Cho Seong-ha, Woo Do‑hwan, Son Byung-ho, Kim Kwang-gyoo, Yun Yoo-sun, Park Ji-young, Jeong Hae-gyoon, Jang Hyeok-jin","South Korea","January 1, 2020",2017,"TV-MA","1 Season","International TV Shows, Korean TV Shows, TV Dramas","Four young men come to the rescue of a former classmate whose family has been sucked into the clutches of a religious cult and its charismatic leader.",2020-01-01,"2020-01"
"s3077","TV Show","The Bride of Habaek","","Shin Sae-kyeong, Nam Joo-hyuk, Lim Ju-hwan, Krystal Jung, Gong Myoung, Lee Gyoung-young, Yang Dong-geun","South Korea","January 1, 2020",2017,"TV-14","1 Season","International TV Shows, Korean TV Shows, Romantic TV Shows","When a quest for divine stones in the human world goes awry, the water god Habaek seeks help from a psychiatrist predestined to serve him.",2020-01-01,"2020-01"
"s3085","TV Show","Rainbow Ruby","","Alyssya Swales, Shannon Chan-Kent, Brian Drummond, Olivia Charles, Kate Higgins, Johnny Yong Bosch","South Korea, Canada, United States, China","December 31, 2019",2016,"TV-Y","1 Season","Kids' TV","Ruby makes magical journeys with her teddy bear Choco to Rainbow Village, where her toys come to life – and where there's always a problem to solve!",2019-12-31,"2019-12"
"s3086","TV Show","Robot Trains","","Bill Rogers, Carrie Savage, Ken Spassione, Angela Mulligan, Mark Szabo, Daniel J. Edwards, Mike Pollock, Anthony Salerno","South Korea","December 31, 2019",2018,"TV-Y7","2 Seasons","Kids' TV, Korean TV Shows","Keeping peace and safety in Train World is no easy task, but for five trains with the power to transform into robots, every crisis is an adventure!",2019-12-31,"2019-12"
"s3128","TV Show","Cinderella and the Four Knights","","Jung Il-woo, Ahn Jae-hyeon, Park So-dam, Lee Jung-shin, Kim Yong-geon, Choi Min, Son Na-eun","South Korea","December 15, 2019",2016,"TV-PG","1 Season","International TV Shows, Korean TV Shows, Romantic TV Shows","Catching the eye of a wealthy gentleman, spunky Ha-won gets hired to live with his three immature grandsons so she can whip them into shape.",2019-12-15,"2019-12"
"s3130","TV Show","Crash Landing on You","","Hyun Bin, Son Ye-jin, Seo Ji-hye, Kim Jung-hyun, Oh Man-seok, Kim Young-min, Kim Jung-nan, Kim Sun-young, Hwangwoo Seul-hye","South Korea","December 15, 2019",2019,"TV-14","1 Season","International TV Shows, Korean TV Shows, Romantic TV Shows","A paragliding mishap drops a South Korean heiress in North Korea – and into the life of an army officer, who decides he will help her hide.",2019-12-15,"2019-12"
"s3205","TV Show","Chocolate","","Ha Ji-won, Yoon Kye-sang, Jang Seung-jo, Kang Bu-ja, Lee Jae-ryong, Min Jin-woong, Kim Won-hae, Yoo Teo","South Korea","November 30, 2019",2019,"TV-14","1 Season","International TV Shows, Korean TV Shows, Romantic TV Shows","Brought together by meaningful meals in the past and present, a doctor and a chef are reacquainted when they begin working at a hospice ward.",2019-11-30,"2019-11"
"s3271","TV Show","Inheritors","","Lee Min-ho, Park Shin-hye, Kim Woo-bin, Krystal Jung, Kim Ji-won, Choi Jin-hyuk, Kang Ha-neul, Kim Sung-ryoung, Kim Mee-kyeong, Yoon Jin-seo","South Korea","November 15, 2019",2013,"TV-14","1 Season","International TV Shows, Korean TV Shows, Romantic TV Shows","After a chance encounter in LA, two teens from different social backgrounds reunite at an exclusive high school attended by Korea’s über rich.",2019-11-15,"2019-11"
"s3278","TV Show","My Sassy Girl","","Joo Won, Oh Yeon-seo, Lee Jung-shin, Kim Yoon-hye, Sohn Chang-min, Yoon Se-a, Cho Hee-bong, Jung Woong-in, Lee Kyung-hwa","South Korea","November 15, 2019",2017,"TV-14","1 Season","International TV Shows, Korean TV Shows, Romantic TV Shows","A refined young Joseon scholar's life turns upside down after he rescues a drunk princess who later accuses him of taking something precious from her.",2019-11-15,"2019-11"
"s3289","TV Show","Chief of Staff","","Lee Jung-jae, Shin Mina, Lee Elijah, Kim Dong-jun, Jung Jin-young, Kim Kap-soo, Jung Woong-in, Im Won-hee, Kim Hong-pa","South Korea","November 12, 2019",2019,"TV-14","2 Seasons","International TV Shows, Korean TV Shows, TV Dramas","As a chief of staff in the National Assembly, Jang Tae-jun influences power behind the scenes while pursuing his own ambitions to rise to the top.",2019-11-12,"2019-11"
"s3309","Movie","Tune in for Love","Jung Ji-woo","Kim Go-eun, Jung Hae-in, Park Hae-joon, Kim Guk-hee, Jung Eugene, Choi Jun-young, Yoo Yeol, Nam Mun-cheol","South Korea","November 5, 2019",2019,"TV-MA","123 min","Dramas, International Movies, Romantic Movies","A student and a reticent teen first meet at a bakery in the 1990s and try to find each other through the years, as fate keeps pulling them apart.",2019-11-05,"2019-11"
"s3320","Movie","Hey Arnold! The Jungle Movie","Raymie Muzquiz, Stu Livingston","Mason Vale Cotton, Benjamin Flores Jr., Francesca Smith, Alfred Molina, Dan Castellaneta, Tress MacNeille, Craig Bartlett, Carlos Alazraqui","United States, South Korea, Japan","November 2, 2019",2017,"TV-PG","81 min","Children & Family Movies, Comedies","When Arnold and his crew win a trip to San Lorenzo, their adventure in the wild forces them to take the same risky path as Arnold's missing parents.",2019-11-02,"2019-11"
"s3359","TV Show","Bring It On, Ghost","Park Joon-hwa","Taecyeon, Kim So-hyun, Kwon Yul, Kim Sang-ho, Kang Ki-young, Lee Da-wit, Kim Min-sang, Yun Seo-hyun","South Korea","October 30, 2019",2016,"TV-14","1 Season","International TV Shows, Korean TV Shows, Romantic TV Shows","A college student with psychic abilities takes in an amnesiac ghost as his roommate – who ends up helping him hunt down spooky spirits.",2019-10-30,"2019-10"
"s3361","TV Show","Tomorrow with You","","Shin Mina, Lee Je-hoon, Kim Ye-won, Cho Han-cheul, Baek Hyeon-jin, Kang Ki-doong, Park Joo-hee, Oh Gwang-rok","South Korea","October 30, 2019",2017,"TV-14","1 Season","International TV Shows, Korean TV Shows, Romantic TV Shows","The head of a real estate firm with the ability to travel through time by taking the subway marries a photographer to try and change his future.",2019-10-30,"2019-10"
"s3417","TV Show","Another Miss Oh","","Seo Hyun-jin, Eric Moon, Jeon Hye-bin, Ye Ji-won, Kim Ji-seok, Lee Jae-yoon, Lee Han-wi, Kim Mee-kyeong, Oh Man-seok, Lee Pil-mo","South Korea","October 16, 2019",2016,"TV-MA","1 Season","International TV Shows, Korean TV Shows, Romantic TV Shows","A sound director who suddenly starts getting visions of someone else’s future gets mired in the lives of two women, who happen to share the same name.",2019-10-16,"2019-10"
"s3420","Movie","Park Na-rae: Glamour Warning","Kim Joo-hyung","Park Na-rae","South Korea","October 16, 2019",2019,"TV-MA","63 min","Stand-Up Comedy","Korea’s beloved comedian and favorite big sister figure talks sex, relationships and celebrity life. And she’s sassier and dirtier than ever before.",2019-10-16,"2019-10"
"s3421","TV Show","Second 20s","","Choi Ji-woo, Lee Sang-yun, Choi Won-young, Kim Min-jae, Son Na-eun, Jung Soo-young, Choi Yoon-so, Park Hyo-ju","South Korea","October 16, 2019",2015,"TV-14","1 Season","International TV Shows, Korean TV Shows, Romantic TV Shows","Facing major changes, a mother realizes it's time to live for herself and decides to enroll in college, where she finds her dream as well as new love.",2019-10-16,"2019-10"
"s3427","TV Show","The Lies Within","","Lee Min-ki, Lee Yoo-young, On Ju-wan, Lee Jun-hyeok, Yun Jong-seok, Kim Jong-soo, Seo Hyun-woo, Song Young-chang, Lee Jun-hyuk","South Korea","October 13, 2019",2019,"TV-14","1 Season","Crime TV Shows, International TV Shows, Korean TV Shows","After her father dies and her husband goes missing, Kim Seo-hui teams up with detective Jo Tae-sik and joins the National Assembly.",2019-10-13,"2019-10"
"s3446","TV Show","My Country: The New Age","","Yang Se-Jong, Woo Do‑hwan, Seolhyun, Jang Hyuk, Kim Young-chul, In Gyo-jin, Yu Oh-seong, Ahn Nae-sang","South Korea","October 5, 2019",2019,"TV-14","1 Season","International TV Shows, Korean TV Shows, TV Action & Adventure","At the end of the Goryeo period, there were those who led the charge to proclaim a new age – and the ordinary individuals who risked everything.",2019-10-05,"2019-10"
"s3462","TV Show","Cheese in the Trap","Lee Yoon-jung","Park Hae-Jin, Kim Go-eun, Seo Kang-jun, Lee Sung-kyoung, Nam Joo-hyuk, Park Min-ji, Hwang Seog-jeong, Son Byung-ho, Ahn Kil-kang","South Korea","October 1, 2019",2016,"TV-14","1 Season","International TV Shows, Korean TV Shows, Romantic TV Shows","In this adaptation of a popular webtoon, a poor student trying to navigate college life gains the attention of a wealthy upperclassman with a dark side.",2019-10-01,"2019-10"
"s3463","TV Show","Chicago Typewriter","","Yoo Ah-in, Im Soo-jung, Ko Kyoung-pyo, Kwak Si-yang, Jo Woo-jin, Yang Jin-sung, Jeon Soo-kyeong, Ji Dae-han, Chun Ho-jin","South Korea","October 1, 2019",2017,"TV-14","1 Season","International TV Shows, Korean TV Shows, Romantic TV Shows","A veterinarian and two writers have a mysterious connection to Korean independence fighters from the Japanese colonial period.",2019-10-01,"2019-10"
"s3471","TV Show","Miniforce X","","","South Korea","October 1, 2019",2018,"TV-Y7","1 Season","Kids' TV, Korean TV Shows","Zenos wants to use the Earth’s negative energy for his own good – and it's up to Miniforce X to stop this space alien’s evil plans.",2019-10-01,"2019-10"
"s3474","TV Show","The K2","","Ji Chang-wook, Song Yoon-a, Lim Yoona, Cho Seong-ha, Kim Kap-soo, Lee Jung-jin, Son Tae-young, Shin Dong-mi","South Korea","October 1, 2019",2016,"TV-14","1 Season","International TV Shows, Korean TV Shows, Romantic TV Shows","A fugitive soldier gets swept up in personal and political intrigue when he's hired as a bodyguard for the family of a presidential candidate.",2019-10-01,"2019-10"
"s3475","TV Show","The Liar and His Lover","","Lee Hyun-woo, Joy, Lee Jung-jin, Lee Seo-won, Hong Seo-young, Choi Min-soo, Lim Ye-jin, Jang Ki-yong, Song Kang, Park Ji-young","South Korea","October 1, 2019",2017,"TV-PG","1 Season","International TV Shows, Korean TV Shows, Romantic TV Shows","A talented singer falls in love at first sight with a music prodigy who has an affinity for lies – and a knack for being a hit-making producer.",2019-10-01,"2019-10"
"s3500","TV Show","Vagabond","","Lee Seung-gi, Bae Suzy, Shin Sung-rok, Moon Jung-hee, Baek Yoon-sik, Moon Sung-keun, Lee Gyoung-young, Lee Ki-young, Kim Min-jong, Jung Man-sik, Hwang Bo-ra","South Korea","September 21, 2019",2019,"TV-MA","1 Season","International TV Shows, Korean TV Shows, TV Action & Adventure","When his nephew dies in a plane crash, stunt man Cha Dal-geon resolves to find out what happened, with the help of covert operative Go Hae-ri.",2019-09-21,"2019-09"
"s3511","TV Show","When the Camellia Blooms","","Kong Hyo-jin, Kang Ha-neul, Kim Ji-seok, Oh Jung-se, Yeom Hye-ran, Son Dam-bi, Ji E-su, Go Du-sim","South Korea","September 18, 2019",2019,"TV-14","1 Season","International TV Shows, Korean TV Shows, Romantic TV Shows","Dongbaek is a single mother. When a potential new love enters her life, she finds ways to defy the social stigmas surrounding her.",2019-09-18,"2019-09"
"s3581","Movie","Invader Zim: Enter the Florpus","","Richard Steven Horvitz, Rikki Simons, Andy Berman, Melissa Fahn, Rodger Bumpass, Jhonen Vasquez, Wally Wingert, Kevin McDonald, Olivia d'Abo, Eric Bauza","South Korea, United States","August 16, 2019",2019,"TV-Y7","72 min","Children & Family Movies, Comedies, Sci-Fi & Fantasy","When Zim reappears to begin the next phase of his evil alien plan to conquer Earth, his nemesis Dib Membrane sets out to unmask him once and for all.",2019-08-16,"2019-08"
"s3607","TV Show","Bad Guys","","Kim Sang-jung, Ma Dong-seok, Park Hae-Jin, Cho Dong-hyuk, Kang Ye-won, Kang Shin-il, Ji-a Min, Hwang Seung-eon","South Korea","August 8, 2019",2014,"TV-MA","1 Season","Crime TV Shows, International TV Shows, Korean TV Shows","Reinstated to eradicate the worst crimes in the city, a detective requests the release of three convicts to enlist their help in catching the felons.",2019-08-08,"2019-08"
"s3611","TV Show","Let’s Eat","","Lee Soo-kyung, Yoon Du-jun, Yoon So-hui, Shim Hyoung-tak, Do-yeon Lee, Jang Won-young, Jung Soo-young","South Korea","August 8, 2019",2013,"TV-PG","1 Season","International TV Shows, Korean TV Shows, Romantic TV Shows","With the help of her neighbors, a divorced woman residing in a one-person-household apartment complex learns to balance living alone and eating well.",2019-08-08,"2019-08"
"s3612","TV Show","Misaeng","","Im Si-wan, Kang So-ra, Lee Sung-min, Kang Ha-neul, Byun Yo-han, Kim Dae-myeong, Shin Eun-jung, Park Hae-joon","South Korea","August 8, 2019",2014,"TV-MA","1 Season","International TV Shows, Korean TV Shows, TV Dramas","Equipped with nothing more than a GED and strategies for the game of go, an office intern gets thrown into the cold reality of the corporate world.",2019-08-08,"2019-08"
"s3613","TV Show","Oh My Ghost","","Park Bo-young, Cho Jung-seok, Lim Ju-hwan, Kim Seul-ki","South Korea","August 8, 2019",2015,"TV-MA","1 Season","International TV Shows, Korean TV Shows, Romantic TV Shows","Possessed by the ghost of a lustful virgin, a timid assistant chef becomes confidently libidinous, drawing the attention of a haughty culinary star.",2019-08-08,"2019-08"
"s3614","TV Show","Reply 1994","Shin Won-ho","Go Ara, Jung Woo, Sung Dong-il, Dohee, Son Ho-jun, Kim Sung-kyun, Cha Seon-wu, Yoo Yeon-seok, Lee Il-hwa","South Korea","August 8, 2019",2014,"TV-MA","1 Season","International TV Shows, Korean TV Shows, Romantic TV Shows","All hailing from various parts of Korea, a group of college students go from being complete strangers to a big happy family at a Seoul boarding house.",2019-08-08,"2019-08"
"s3615","TV Show","Reply 1997","Shin Won-ho","Jung Eun-ji, Seo In-guk, Shin So-yul, Ji-won Eun, Lee Ho-won, Lee Si-eon, Sung Dong-il, Lee Il-hwa, Song Jong-ho","South Korea","August 8, 2019",2012,"TV-MA","1 Season","International TV Shows, Korean TV Shows, Romantic TV Shows","As a teen, Shi Won was obsessed with a boy band. Now 33 years old, Shi Won and her friends are reviving their memories as their school reunion nears.",2019-08-08,"2019-08"
"s3641","TV Show","My First First Love","","Ji Soo, Jung Chae-yeon, Jinyoung, Choi Ri, Kang Tae-oh, Hong Ji-yoon","South Korea","July 26, 2019",2019,"TV-14","2 Seasons","International TV Shows, Korean TV Shows, Romantic TV Shows","Due to various personal reasons, a group of Yun Tae-o’s friends move into his house, where they experience love, friendship, and everything in between.",2019-07-26,"2019-07"
"s3657","TV Show","Rookie Historian Goo Hae-Ryung","","Shin Sae-kyeong, Cha Eun-woo, Park Ki-woong, Lee Ji-hoon, Park Ji-hyun, Gong Jung-hwan, Kim Min-sang, Choi Duk-mun, Kim Yeo-jin","South Korea","July 18, 2019",2019,"TV-14","1 Season","International TV Shows, Korean TV Shows, Romantic TV Shows","Free spirit Goo Hae-ryung embarks on a new life as a scholar in the Joseon royal court after hearing about a government post for women historians.",2019-07-18,"2019-07"
"s3674","TV Show","One Spring Night","","Han Ji-min, Jung Hae-in, Kim Jun-han, Yim Sung-eon, Song Seung-hwan, Kil Hae-yeon, Lee Moo-saeng, Kim Chang-wan","South Korea","July 12, 2019",2019,"TV-14","1 Season","International TV Shows, Korean TV Shows, Romantic TV Shows","When Lee Jeong-in and Yu Ji-ho meet, something unexpected happens. Or it just may be that spring is in the air – and anything is possible.",2019-07-12,"2019-07"
"s3691","TV Show","Designated Survivor: 60 Days","","Ji Jin-hee, Lee Jun-hyuk, Heo Jun-ho, Kang Han-na, Bae Jong-ok, Kim Gyu-ri, Son Suk-ku, Choi Yoon-young, Lee Moo-saeng","South Korea","July 2, 2019",2019,"TV-14","1 Season","International TV Shows, Korean TV Shows, TV Dramas","When the National Assembly suffers a catastrophic attack, Minister of Environment Park Mu-jin must find a way to lead Korea through the ensuing chaos.",2019-07-02,"2019-07"
"s3781","TV Show","Arthdal Chronicles","","Song Joong-ki, Jang Dong-gun, Kim Ji-won, Kim Ok-vin, Kim Eui-sung, Cho Seong-ha, Lee Do-gyeong, Park Hae-joon, Park Byung-eun","South Korea","June 2, 2019",2019,"TV-MA","1 Season","International TV Shows, Korean TV Shows, TV Action & Adventure","In a mythical land called Arth, the inhabitants of the ancient city of Arthdal and its surrounding regions vie for power as they build a new society.",2019-06-02,"2019-06"
"s3794","Movie","Svaha: The Sixth Finger","Jang Jae-hyun","Lee Jung-jae, Park Jung-min, Lee Jae-in, Yoo Ji-tae, Jung Jin-young, Lee Da-wit, Jin Seon-kyu, Ji Seung-hyeon, Min Tanaka","South Korea","May 30, 2019",2019,"TV-MA","123 min","International Movies, Thrillers","A minister who researches religious cults turns to his Buddhist monk friend for help investigating a new group with mysterious origins.",2019-05-30,"2019-05"
"s3853","TV Show","Abyss","","Park Bo-young, Ahn Hyo-seop, Lee Sung-jae, Lee Si-eon, Han So-hee, Kwon Soo-hyun, Kim Sa-rang, Ahn Se-ha, Yun Yoo-sun","South Korea","May 7, 2019",2019,"TV-14","1 Season","Crime TV Shows, International TV Shows, Korean TV Shows","After meeting an untimely demise in separate incidents, Cha Min and Go Se-yeon discover they’ve come back to life in new bodies they don’t recognize.",2019-05-07,"2019-05"
"s3866","Movie","Jo Pil-ho: The Dawning Rage","Lee Jeong-beom","Lee Sun-kyun, Jeon So-nee, Park Hae-joon, Song Young-chang, Park Byung-eun, Lim Hyung-kuk, Kim Min-jae, Kwon Han-sol, Nam Mun-cheol, Lim Cheol-su","South Korea","May 3, 2019",2018,"TV-MA","128 min","Dramas, International Movies, Thrillers","On the run from a dogged internal affairs agent, a corrupt cop reluctantly teams up with a defiant teen to unravel a conspiracy – before it's too late.",2019-05-03,"2019-05"
"s3929","TV Show","Persona","Lee Kyoungmi, Yim Pilsung, Jeon Go-woon, Kim Jong-kwan","Lee Ji-eun (IU), Bae Doona, Park Hae Soo, Kim Tae-hun, Shim Dal-gi, Lee Sung-wook, Jung Jun Won","South Korea","April 11, 2019",2019,"TV-MA","1 Season","International TV Shows, Korean TV Shows, TV Dramas","An exploration of different personas in an eclectic collection of four works by critically acclaimed Korean directors.",2019-04-11,"2019-04"
"s3947","TV Show","Possessed","","Song Sae-byeok, Go Joon-hee, Youn Jung-hoon, Jo Han-sun, Lee Won-jong, Park Gene-woo, Kwon Hyuk-hyun, Park Sang-min","South Korea","April 4, 2019",2019,"TV-MA","1 Season","Crime TV Shows, International TV Shows, Korean TV Shows","A reluctant clairvoyant joins forces with a brusque police detective hiding a soft heart to help him solve criminal cases using her psychic abilities.",2019-04-04,"2019-04"
"s3957","TV Show","That Winter, the Wind Blows","","Zo In-sung, Song Hye-kyo, Kim Bum, Jung Eun-ji, Bae Jong-ok, Young-hoon Kim","South Korea","April 1, 2019",2013,"TV-MA","1 Season","International TV Shows, Korean TV Shows, Romantic TV Shows","Seeing the chance to enrich himself by deceiving a blind heiress, clever con man Oh Soo just does what comes naturally – but his plans soon change.",2019-04-01,"2019-04"
"s4045","TV Show","A Korean Odyssey","","Lee Seung-gi, Cha Seung-won, Oh Yeon-seo, Lee Hong-gi, Jang Gwang, Lee Se-young","South Korea","March 5, 2019",2017,"TV-MA","1 Season","International TV Shows, Korean TV Shows, Romantic TV Shows","A self-serving mythical creature's bid for invincibility backfires when he finds himself at the mercy of a woman who can see otherworldly beings.",2019-03-05,"2019-03"
"s4092","Movie","The Drug King","Woo Min-ho","Song Kang-ho, Cho Jung-seok, Bae Doona, Kim So-jin, Kim Dae-myung, Jo Woo-jin, Lee Hee-jun, Song Young-chang, Yoon Je-moon","South Korea","February 21, 2019",2018,"TV-MA","139 min","Dramas, International Movies, Thrillers","A petty smuggler from Busan dives headfirst into illicit drug trafficking in the 1970s and rises to become king of narcotics exports to Japan.",2019-02-21,"2019-02"
"s4128","TV Show","Live","","Jung Yu-mi, Lee Kwang-soo, Bae Seong-woo, Bae Jong-ok, Sung Dong-il","South Korea","February 5, 2019",2018,"TV-MA","1 Season","Crime TV Shows, International TV Shows, Korean TV Shows","The police officers at South Korea's busiest patrol division toil day and night as keepers of law and peace – but the reality is far from orderly.",2019-02-05,"2019-02"
"s4133","TV Show","Romance is a bonus book","","Lee Jong-suk, Lee Na-young, Jung Eugene, Wi Ha-jun, Kim Tae-woo, Kim Yu-mi, Cho Han-cheul, Kim Sun-young","South Korea","February 3, 2019",2019,"TV-14","1 Season","International TV Shows, Korean TV Shows, Romantic TV Shows","A gifted writer who's the youngest editor-in-chief ever at his publishing company gets enmeshed in the life of a former copywriter desperate for a job.",2019-02-03,"2019-02"
"s4155","Movie","High Society","Byun Hyuk","Park Hae-il, Su Ae, Yoon Je-moon, Ra Mi-ran, Lee Jin-wook, Kim Gyu-sun, Han Ju-yeong, Kim Hae-gon, Nam Moon-cheol, Jang So-yeon","South Korea","January 29, 2019",2018,"TV-MA","137 min","Dramas, International Movies","A deputy curator of a chaebol-funded art gallery and her husband, a politically ambitious economics professor, will do anything to join the über-elite.",2019-01-29,"2019-01"
"s4193","Movie","Revenger","Lee Seung-won","Bruce Khan, Park Hee-soon, Yoon Jin-seo, Kim In-kwon, Kim Na-yeon, Park Cheol-min, Jeon Soo-jin, Kim Jae-hyun, Choi Je-heon","South Korea","January 15, 2019",2018,"TV-MA","102 min","Action & Adventure, International Movies","Hell-bent on avenging the murder of his family, a former detective infiltrates a remote island that serves as a prison for vicious death row criminals.",2019-01-15,"2019-01"
"s4305","TV Show","Hymn of Death","","Lee Jong-suk, Shin Hye-sun, Kim Myeong-su, Park Seon-im, Kim Won-hae, Hwang Yeong-hee, Lee Ji-hoon, Go Bo-gyeol, Shin Jae-ha","South Korea","December 14, 2018",2018,"TV-14","1 Season","International TV Shows, Korean TV Shows, Romantic TV Shows","During the Japanese colonial period, married playwright Kim U-jin falls in love with soprano Yun Sim-deok, one of Korea’s notable New Women.",2018-12-14,"2018-12"
"s4327","TV Show","The Sound of Your Heart: Reboot","","Sung Hoon, Kwon Yuri, Tae Hang-ho, Joo Jin-mo, Shim Hye-jin, Ji Su-won, Park Cheol-min, Kim Seong-won, Kang Yoon, Seo Eun-ah, Bae Yoon-kyung","South Korea","December 3, 2018",2018,"TV-14","2 Seasons","International TV Shows, Korean TV Shows, TV Comedies","Webtoonist Cho Seok is back with more anecdotes of mix-ups, unintended antics, and bathroom blunders in this reboot starring an all-new cast.",2018-12-03,"2018-12"
"s4328","TV Show","Memories of the Alhambra","","Hyun Bin, Park Shin-hye, Park Hoon, Kim Yong-rim, Chanyeol, Lee Re, Lee Hak Joo, Lee Si-won, Kim Eui-sung","South Korea","December 2, 2018",2018,"TV-MA","1 Season","Crime TV Shows, International TV Shows, Korean TV Shows","While looking for the cryptic creator of an innovative augmented-reality game, an investment firm executive meets a woman who runs a hostel in Spain.",2018-12-02,"2018-12"
"s4408","TV Show","Treehouse Detectives","","Brody Allen, Jenna Davis, Ryan Bartley, Philece Sampler, Leigh Kelly, Abby Trott","South Korea, United States","November 9, 2018",2018,"TV-Y","2 Seasons","Kids' TV, TV Thrillers","When their animal friends need help, brother-and-sister team Toby and Teri use the clues and follow the facts to solve mysteries in their own backyard.",2018-11-09,"2018-11"
"s4494","Movie","Illang: The Wolf Brigade","Kim Jee-woon","Gang Dong-won, Han Hyo-joo, Jung Woo-sung, Kim Mu-yeol, Han Ye-ri, Choi Min-ho, Shin Eun-soo, Kim Beop-rae, Lee Dong-ha, Jung Won-joong, Choi Jin-ho","South Korea","October 19, 2018",2018,"TV-MA","140 min","Action & Adventure, International Movies, Sci-Fi & Fantasy","In 2029, the elite police squad Illang combats a terrorist group opposing reunification of the two Koreas. But another enemy may be lurking nearby.",2018-10-19,"2018-10"
"s4536","TV Show","YG Future Strategy Office","","Seungri, Yoo Byung Jae, Lee Jai-jin, Jinu, Son Se-bin, Kim Ga-eun, Park Choong-hwan, Baek Yeong-gwang, Choi Sin-deuk","South Korea","October 5, 2018",2018,"TV-MA","1 Season","International TV Shows, Korean TV Shows, TV Comedies","K-pop star Seungri, BIGBANG's youngest member, tries to lead a team of bumbling staff at YG's Future Strategy Office in this mockumentary sitcom.",2018-10-05,"2018-10"
"s4624","TV Show","Skylanders Academy","","Justin Long, Ashley Tisdale, Jonathan Banks, Chris Diamantopoulos, Bobcat Goldthwait, Richard Steven Horvitz, Norm MacDonald, Daniel Middleton, Catherine O'Hara, Parker Posey, Jonny Rees, Jason Ritter, Susan Sarandon, Harland Williams, Daniel Wu, Dee Bradley Baker, Chris Cox, Jim Cummings, Felicia Day, John DiMaggio, Grey Griffin","South Korea, United States","September 28, 2018",2018,"TV-Y7","3 Seasons","Kids' TV, TV Comedies","Travel the vast Skylander universe in this animated series as a ragtag group of academy graduates build trust and heart in their fight against evil.",2018-09-28,"2018-09"
"s4646","TV Show","Life","","Lee Dong-wook, Cho Seung-woo, Won Jin-ah, Lee Kyu-hyung, Moon Sung-keun, Yoo Jae-myung, Moon So-ri, Chun Ho-jin","South Korea","September 12, 2018",2018,"TV-MA","1 Season","International TV Shows, Korean TV Shows, TV Dramas","At Korea's top university medical center, ideals and interests collide between a patient-centered ER doctor and the hospital's newly-appointed CEO.",2018-09-12,"2018-09"
"s4677","TV Show","Ultimate Beastmaster","","Tiki Barber, Chris Distefano, Francesco Facchinetti, Bianca Balti, Vidyut Jammwal, Sarah-Jane Dias, BIn Gu, Qinyi Du, Paula Vázquez, Saúl Craviotto, Gilles Marini, Sandy Heribert, Terry Crews, Charissa Thompson, Yuji Kondo, Sayaka Akimoto, Luke Mockridge, Hans Sarpei, Kyung-seok Seo, Kyeong-rim Park, Luis Ernesto Franco, Inés Sainz, Rafinha Bastos, Anderson Silva, Sylvester Stallone","United States, Brazil, South Korea, Mexico, Japan, Germany","August 31, 2018",2018,"TV-PG","3 Seasons","Reality TV","In this intense obstacle course series, elite athletes from the U.S. and other countries compete for cash prizes, individual glory and national pride.",2018-08-31,"2018-08"
"s4700","Movie","Yoo Byung Jae: Discomfort Zone","Y. Joon Chung","Yoo Byung Jae","South Korea","August 17, 2018",2018,"TV-MA","54 min","Stand-Up Comedy","Daring comedian Yoo Byung-jae connects criticism he's received from the general public to some of the most touchy issues in current Korean society.",2018-08-17,"2018-08"
"s4780","TV Show","Mr. Sunshine","Lee Eung-bok","Lee Byung-hun, Kim Tae-ri, Yoo Yeon-seok, Kim Min-jung, Byun Yo-han","South Korea","July 8, 2018",2018,"TV-MA","1 Season","International TV Shows, Korean TV Shows, Romantic TV Shows","A young boy who ends up in the U.S. after the 1871 Shinmiyangyo incident returns to Korea at a historical turning point and falls for a noblewoman.",2018-07-08,"2018-07"
"s4849","TV Show","Something in the Rain","","Son Ye-jin, Jung Hae-in, Jang So-yeon","South Korea","May 26, 2018",2018,"TV-MA","1 Season","International TV Shows, Korean TV Shows, Romantic TV Shows","Reunited with her best friend’s younger brother, who’s back from a stint abroad, a recently dumped career woman begins to see him in a new light.",2018-05-26,"2018-05"
"s4919","Movie","Psychokinesis","Sang-ho Yeon","Ryu Seung-ryong, Shim Eun-kyung, Jung-min Park, Min-jae Kim, Yu-mi Jung","South Korea","April 25, 2018",2018,"TV-MA","102 min","Action & Adventure, Comedies, International Movies","Suddenly possessed with supernatural powers, a father sets out to help his estranged daughter, who's at risk of losing everything she's lived for.",2018-04-25,"2018-04"
"s4988","Movie","Steel Rain","Yang Woo-seok","Woo-sung Jung, Do-won Kwak, Kap-soo Kim, Woo-jin Jo, Eui-sung Kim, Kyeong-yeong Lee, Won-joong Jung, Hyun-sung Jang","South Korea","March 14, 2018",2018,"TV-MA","140 min","Action & Adventure, Dramas, International Movies","Amid a coup, a North Korean agent escapes south with the country's injured leader in an attempt to keep him alive and prevent a Korean war.",2018-03-14,"2018-03"
"s4995","TV Show","Bad Guys: Vile City","","Joong-hoon Park, Jin-mo Joo, Yang Ik-june, Moo-Yul Kim, Ji Soo, Young-chang Song, Hong-Fa Kim, Tae-ho Ryu, Yu-seok Kim, Soo-young Park, Yoon-hee Lee","South Korea","March 8, 2018",2018,"TV-MA","1 Season","Crime TV Shows, International TV Shows, Korean TV Shows","Ordered to take down a villainous business leader who controls the city, a prosecutor gathers a team of men who may not be so clean themselves.",2018-03-08,"2018-03"
"s5023","Movie","반드시 잡는다","Hong-seon Kim","Baek Yoon-sik","South Korea","February 28, 2018",2017,"TV-MA","110 min","Dramas, International Movies, Thrillers","After people in his town start turning up dead, a grumpy landlord is visited by a man who recounts an unsolved serial murder case from 30 years ago.",2018-02-28,"2018-02"
"s5027","TV Show","Best Lover","","Da-hae Lee, Zhou Mi, Wang Qiuzi, Kwang-hyun Park, Jia Zhengyu, Jeong-hak Park","South Korea, China","February 23, 2018",2016,"TV-14","1 Season","International TV Shows, Romantic TV Shows, TV Comedies","Two young stars with different backgrounds and agendas enter into a fake marriage to advance their careers, until the fake starts turning real.",2018-02-23,"2018-02"
"s5032","Movie","Forgotten","Hang-Jun Jang","Ha-neul Kang, Moo-Yul Kim, Young-hee Na, Seong-kun Mun, Myung-Ryul Nam, Eun-woo Lee, Chan-bi Jung, Go Choi, Seong-il Bae, Soon-won Lee","South Korea","February 21, 2018",2017,"TV-MA","109 min","Dramas, International Movies, Thrillers","When his abducted brother returns seemingly a different man with no memory of the past 19 days, Jin-seok chases after the truth behind the kidnapping.",2018-02-21,"2018-02"
"s5052","Movie","The Bros","You-Jeong Chang","Dong-hwi Lee, Dong-seok Ma, Ha-Nui Lee, Woo-jin Jo, Young-chang Song, Chang-wook Ji, Man-seok Oh, Ye-ji Seo","South Korea","February 2, 2018",2017,"TV-14","102 min","Comedies, Dramas, International Movies","Reunited in their hometown for their father's funeral, two self-interested brothers meet a peculiar woman who shares a huge secret about their family.",2018-02-02,"2018-02"
"s5066","TV Show","Prison Playbook","","Hae-soo Park, Kyung-ho Jung, Dong-il Sung, Krystal Jung, Soo-jeong Ye, Jae-sung Jung, Hoon-jin Lee, Kyoo-hyung Lee, Ho-cheol Lee, Chang-hwan Ahn, Kyung-nam Kim","South Korea","January 24, 2018",2017,"TV-MA","1 Season","International TV Shows, Korean TV Shows, TV Comedies","With his major league baseball debut right around the corner, a star pitcher lands in prison and must learn to navigate his new world.",2018-01-24,"2018-01"
"s5086","Movie","The Reservoir Game","Choi Jin-seong","","South Korea","January 12, 2018",2017,"TV-MA","100 min","Documentaries, International Movies","An investigative reporter seeks to expose the whereabouts of a slush fund belonging to the former president of South Korea, Lee Myung-bak.",2018-01-12,"2018-01"
"s5120","TV Show","Hello, My Twenties!","","Ye-ri Han, Seung-Yeon Han, Eun-bin Park, Hwa-young Ryu, Hye-soo Park","South Korea","December 18, 2017",2017,"TV-MA","2 Seasons","International TV Shows, Korean TV Shows, Romantic TV Shows","With different personalities, life goals and taste in men, five female college students become housemates in a shared residence called Belle Epoque.",2017-12-18,"2017-12"
"s5125","Movie","Seoul Searching","Benson Lee","In-pyo Cha, Justin Chon, Jessika Van, Esteban Ahn, Teo Yoo, Rosalina Leigh, Kang Byul, Crystal Kay, Dante Han, Sue Son, Albert Kong, Byeol Kang, David Lee McInnis, Seung-hyeon Han, Nathalia Ramos, Seong-guk Choi, Ji-a Park","South Korea, China, United States","December 15, 2017",2015,"TV-MA","109 min","Comedies, Dramas, International Movies","Teens of Korean descent who were born and raised in other countries travel to Seoul to learn about their cultural heritage at a summer camp in 1986.",2017-12-15,"2017-12"
"s5158","TV Show","Argon","","Woo-hee Chun, Joo-hyuk Kim, Won-sang Park","South Korea","November 22, 2017",2017,"TV-MA","1 Season","International TV Shows, Korean TV Shows, TV Dramas","In a world filled with provocative (and often misleading) news, a passionate team of investigative TV reporters strives to bring truths to light.",2017-11-22,"2017-11"
"s5236","Movie","26 Years","Geun-hyun Cho","Goo Jin, Hye-jin Han, Soo-bin Bae, Seul-ong Im, Kyeong-yeong Lee, Gwang Jang, Deok-jae Jo, Eui-sung Kim, Seok-Hwan An, Bok-gi Min","South Korea","October 1, 2017",2012,"TV-MA","135 min","Dramas, International Movies, Thrillers","Twenty-six years after the 1980 massacre at Gwangju, South Korea, three relatives of the victims come together to avenge the infamous orchestrator.",2017-10-01,"2017-10"
"s5350","TV Show","Entangled","","Thomas Ong, Jack Tan, Margaret Wang, Kate Pang, Huang Qi Ming, Aileen Tan, Rayson Tan, Zhang Shui Fa","South Korea","August 1, 2017",2014,"TV-14","1 Season","International TV Shows, TV Dramas","When the children of two families become friends, they begin to unravel a horrific crime in the past that already linked their fathers to each other.",2017-08-01,"2017-08"
"s5416","Movie","Okja","Bong Joon Ho","Tilda Swinton, Jake Gyllenhaal, An Seo Hyun, Paul Dano, Steven Yeun, Byun Heebong, Lily Collins, Yoon Je Moon, Shirley Henderson, Daniel Henshall, Devon Bostick, Woo Shik Choi, Giancarlo Esposito","South Korea, United States","June 28, 2017",2017,"TV-MA","121 min","Action & Adventure, Comedies, Dramas","A gentle giant and the girl who raised her are caught in the crossfire between animal activism, corporate greed and scientific ethics.",2017-06-28,"2017-06"
"s5434","TV Show","28 Moons","","Jin-sung Yang, Kyu-jong Kim, Tae-hwan Kang, Geummi","South Korea","June 10, 2017",2016,"TV-PG","1 Season","International TV Shows, Korean TV Shows, Romantic TV Shows","When her fiancé acts strangely upon receiving a mysterious invitation, a florist sets out to find out the truth behind the tiny scrap of paper.",2017-06-10,"2017-06"
"s5435","TV Show","Magic Phone","","Jin-woo Kim, Min-ji Park, In-jun Gwak, Gi-du Kim","South Korea","June 10, 2017",2016,"TV-PG","1 Season","International TV Shows, Korean TV Shows, Romantic TV Shows","When an ordinary guy crosses paths 15 years later with his childhood sweetheart, now an actress, a magic cellphone allows him to be her protector.",2017-06-10,"2017-06"
"s5436","TV Show","Man to Man","Chang-Min Lee","Hae-Jin Park, Sung-woong Park, Min-jung Kim, Jung-an Chae, Jung-hoon Yeon, Hyun-sung Jang, Man-sik Jung, Shin-il Kang, Ho-jin Chun, In-ho Tae","South Korea","June 10, 2017",2017,"TV-14","1 Season","Crime TV Shows, International TV Shows, Korean TV Shows","Disguised as a bodyguard, a special agent must complete his national secret tasks while pandering to the whims of his ill-tempered world star.",2017-06-10,"2017-06"
"s5437","TV Show","My Little Baby","","Ji-ho Oh, Soo-kyung Lee, Min-jae Kim, Ji-hyun Nam","South Korea","June 10, 2017",2016,"TV-PG","1 Season","Crime TV Shows, International TV Shows, Korean TV Shows","A top detective in the violent crimes unit becomes the sole guardian of his 6-month-old niece when his sister and her husband pass away unexpectedly.",2017-06-10,"2017-06"
"s5439","TV Show","Under the Black Moonlight","","Tae-hyun Nam, Soo-yeon Kim, Seo-ra Kim, Tae-hwan Kang, Young-jo Yang","South Korea","June 10, 2017",2016,"TV-14","1 Season","International TV Shows, Korean TV Shows, TV Dramas","A college art club welcomes a new member who has the secret ability to smell death and who warns one of them to leave her boyfriend ... or else.",2017-06-10,"2017-06"
"s5440","TV Show","My Only Love Song","","Seung-yeon Gong, Jong-hyun Lee, Yeon-seo Kim, Bo-hyun Ahn, Jai-jin Lee, Joo-hyung Park","South Korea","June 9, 2017",2017,"TV-MA","1 Season","International TV Shows, Korean TV Shows, Romantic TV Shows","When things don't go her way during a shooting for her new show, a top actress runs away in an old van that guides her on a time-traveling journey.",2017-06-09,"2017-06"
"s5447","Movie","Lucid Dream","Jun-seong Kim","Ko Soo, Kyung-gu Seol, Yu-chun Park, Hye-jung Kang, In-hwan Park, Ho-jin Chun","South Korea","June 2, 2017",2017,"TV-MA","102 min","International Movies, Sci-Fi & Fantasy, Thrillers","After searching for his abducted son for three years, a devastated father attempts to track down his missing child through lucid dreams.",2017-06-02,"2017-06"
"s5510","TV Show","Jumping Girl","","Luna, U-kwon, Ha-na Jung, B-Bomb, Ha-seong Park","South Korea","April 28, 2017",2015,"TV-14","1 Season","International TV Shows, Korean TV Shows, Romantic TV Shows","Sang-ah would do anything to shield pop star Ah-shin from rabid fans. But after an act of protection gone wrong, it looks like she's the crazy one.",2017-04-28,"2017-04"
"s5511","TV Show","President","","Su-jong Choi, Hee-Ra Ha, Jay Kim, Ji-hye Wang, Shin-il Kang","South Korea","April 28, 2017",2010,"TV-14","1 Season","International TV Shows, Korean TV Shows, TV Dramas","An ambitious, talented politician embarks on an intense journey toward winning the presidency while juggling his complicated family affairs.",2017-04-28,"2017-04"
"s5514","TV Show","What in the World Happened?","","Eun-mi Go, Jaehyo, Eun-Hyung Jo, Ha-yeon Kim, Shin Yi, Kwang-sun Park","South Korea","April 28, 2017",2015,"TV-14","1 Season","International TV Shows, Korean TV Shows, Romantic TV Shows","A happy secret romance between a 40-year-old woman and a 25-year-old man is complicated after a greeting card grants her wish to be young again.",2017-04-28,"2017-04"
"s5538","TV Show","The Miracle","","Donghyun Kim, Nahyun, Yang Hak Jin, Yoon Hwa Hong","South Korea","April 10, 2017",2016,"TV-14","1 Season","International TV Shows, Korean TV Shows, TV Dramas","Polar opposites in personality and looks, fraternal twin sisters who live completely different lives wake up one day to find they've switched bodies.",2017-04-10,"2017-04"
"s5569","Movie","Pandora","Jung-woo Park","Nam-gil Kim, Young-ae Kim, Jeong-hee Moon, Joo-hyun Kim, Jin-young Jung, Kyeong-yeong Lee, Shin-il Kang, Dae-Myung Kim, Seung-mok Yoo, Myung-min Kim","South Korea","March 17, 2017",2016,"TV-MA","137 min","Dramas, International Movies, Thrillers","When an earthquake hits a Korean village housing a run-down nuclear power plant, a man risks his life to save the country from imminent disaster.",2017-03-17,"2017-03"
"s5581","TV Show","One More Time","","L, So-hui Yoon, Gi-du Kim, Chang-hwan Kim, Ji Su, Tae-im Lee, Nam-gil Kang","South Korea","March 10, 2017",2016,"TV-14","1 Season","International TV Shows, Korean TV Shows, Romantic TV Shows","This fantasy drama follows an indie band singer who repeatedly undergoes unwanted time slips and the girlfriend he must save from an unlucky fate.",2017-03-10,"2017-03"
"s5586","TV Show","Tong: Memories","","Lee Hak Joo, Ji-an Kim, Jae-yoon Lee, Heo Ji Won, Yang Hak Jin, Choi Yeong Min","South Korea","March 1, 2017",2016,"TV-MA","1 Season","International TV Shows, Korean TV Shows, TV Action & Adventure","A tough young man with a short temper and no patience for bullies gains a legendary reputation as the best street fighter in Busan.",2017-03-01,"2017-03"
"s5593","TV Show","The Sound of Your Heart","","Kwang-soo Lee, Dae-Myung Kim, So-min Jung, Byeong-ok Kim, Mi-kyung Kim","South Korea","February 24, 2017",2016,"TV-14","1 Season","International TV Shows, Korean TV Shows, TV Comedies","Based on Korea's longest-running webtoon series, this comedy follows the ridiculous daily lives of a cartoonist, his girlfriend and his subpar family.",2017-02-24,"2017-02"
"s5599","TV Show","Love for Ten: Generation of Youth","","Sung-yeol Lee, Ji-hyun Nam, Clara Lee, Jin Won","South Korea","February 17, 2017",2013,"TV-14","1 Season","International TV Shows, Korean TV Shows, Romantic TV Shows","A nerdy engineering student falls for a pretty, outgoing girl at his college. To get closer to her, he joins the theater group she belongs to.",2017-02-17,"2017-02"
"s5602","TV Show","Nightmare High","","So-hyun Kim, Min-hyuk Lee, Ki-joon Uhm, Da-Ye Kim, Seung-do Baek, Shin-ae Seo","South Korea","February 15, 2017",2016,"TV-14","1 Season","International TV Shows, Korean TV Shows, TV Dramas","After a new teacher arrives, students' dreams begin to come true. Class president Ye-rim must solve the nightmarish mystery before it's too late.",2017-02-15,"2017-02"
"s5604","TV Show","Spark","","Jong-chan Na, Bo-ra Nam, Da-young Joo, Yeo One, Ki-sung Bae, Jin-joo Park, Eun-soo Kwon","South Korea","February 15, 2017",2016,"TV-PG","1 Season","International TV Shows, Korean TV Shows, Romantic TV Shows","A young woman's life gets a jump-start after she and a musical genius are both struck by the same falling star. But will the side effects derail love?",2017-02-15,"2017-02"
"s5609","TV Show","White Nights","","Yo-Won Lee, Goo Jin, U-ie, Hae-in Jung, Gook-hwan Jeon, Han-yong Jeong","South Korea","February 14, 2017",2016,"TV-14","1 Season","International TV Shows, Korean TV Shows, TV Dramas","A coldhearted heiress, a man from her past and an ambitious new hire in her company all become entangled on a battleground for money and power.",2017-02-14,"2017-02"
"s5654","TV Show","My Runway","","Ji-yeon Park, Dong-ho Kang, Chul-woong Kang, Bo-hyun Ahn, Hak Jin, Se-jin Park, Kisum","South Korea","December 30, 2016",2016,"TV-14","1 Season","International TV Shows, Korean TV Shows, Romantic TV Shows","An egotistic top male model and a pretty model wannabe are forced to live each other's lives until they figure out a way to undo their body switch.",2016-12-30,"2016-12"
"s5660","Movie","A Christmas Special: Miraculous: Tales of Ladybug & Cat Noir","Thomas Astruc","Cristina Vee, Bryce Papenbrook, Keith Silverstein, Mela Lee, Max Mittelman, Carrie Keranen, Stephanie Sheh, Selah Victor, Ben Diskin, Erin Fitzgerald, Grant George","France, South Korea, Japan","December 20, 2016",2016,"TV-Y7","22 min","Movies","Parisian teen Marinette transforms herself into superhero Ladybug to find her lonely secret crush Adrien when he runs away from home at Christmas.",2016-12-20,"2016-12"
"s5666","TV Show","Color of Woman","","Jae Hee, Soo-kyung Lee, So-yi Yoon, Ji-ho Shim, Sang-Myeon Park, Joo-young Kim","South Korea","December 15, 2016",2012,"TV-PG","1 Season","International TV Shows, Korean TV Shows, Romantic TV Shows","Two women at a cosmetics company compete for love and success. One uses her brain and diligence, while the other works her beauty and charm.",2016-12-15,"2016-12"
"s5668","TV Show","Goodbye My Wife","","Soo-hyun Hong, Si Won Ryu, Ji-yoon Park, Min-soo Kim, Julien Kang, Joo-eun Oh, Seong-mo Jeong","South Korea","December 15, 2016",2012,"TV-14","1 Season","International TV Shows, Korean TV Shows, Romantic TV Shows","A couple’s five-year marriage is put on the line when each of their first loves comes back hoping for another shot at romance.",2016-12-15,"2016-12"
"s5669","TV Show","Happy And","","Hee-Jin Lee, Hae-seong Kwon, Paul Stafford, Mi-ji Lee, Ik-tae Kim, Ki-hyeon Kim","South Korea","December 15, 2016",2012,"TV-14","1 Season","International TV Shows, Korean TV Shows, TV Dramas","This relatable relationship drama explores the real-life trials and joys of married life through the lens of 11 different wives.",2016-12-15,"2016-12"
"s5670","TV Show","Heaven's Garden","","Bul-am Choi, Ho-Jeong Yoo, Sae-ron Kim, Chan-hee Kang, Woo-Sung Hyun, An Seo Hyun, Ho-Jin Kim","South Korea","December 15, 2016",2011,"TV-MA","1 Season","International TV Shows, Korean TV Shows, TV Dramas","When her husband goes to jail for bankruptcy, a woman takes her two daughters to live with her father, who severed ties with her years ago.",2016-12-15,"2016-12"
"s5672","TV Show","Immortal Classic","","Jae-suk Han, Sun-Young Park, Du-shim Ko, Ye-jin Lim, Jong-hwan Choi, Ha-Nui Lee, Yun-Hoo Ko, Byeong-Ki Kim, Sun-kyung Kim, Yoon-Sik Baek","South Korea","December 15, 2016",2012,"TV-14","1 Season","International TV Shows, Korean TV Shows, TV Dramas","Two renowned culinary families led by legendary food icons battle for the position of greatest chef, while protecting their secret kimchee recipes.",2016-12-15,"2016-12"
"s5674","TV Show","K-POP Extreme Survival","","Jung Eun Kim, Yu-hwan Park, Eun-ah Go, Yong Hwan Kwak, Jin Hyuk","South Korea","December 15, 2016",2012,"TV-14","1 Season","International TV Shows, Korean TV Shows, Romantic TV Shows","Seung Yeon decides to chase her dream of becoming a K-pop star and audition for a popular group. There's only one catch: It's a boy band.",2016-12-15,"2016-12"
"s5676","TV Show","Miss Panda & Mr. Hedgehog","","Dong-hae Lee, Seung-ah Yoon, Jin-hyuk Choi, So-young Yoo, Yeo-jin Hong, Min-jin Jung","South Korea","December 15, 2016",2012,"TV-PG","1 Season","International TV Shows, Korean TV Shows, Romantic TV Shows","When a gifted patissier with a gloomy past meets a bright and easygoing café owner, he begins to shed his thorns and learns to love again.",2016-12-15,"2016-12"
"s5987","TV Show","12 Years Promise","","So-yeon Lee, Namkoong Min, Tae-im Lee, So-hui Yoon, Won-keun Lee, Hyo-young Ryu","South Korea","May 22, 2017",2014,"TV-14","1 Season","International TV Shows, Korean TV Shows, Romantic TV Shows","A pregnant teen is forced by her family to leave her boyfriend and assume a new identity in America, but 12 years later, the couple reunites in Korea.",2017-05-22,"2017-05"
"s5998","Movie","2015 Dream Concert","","4Minute, B1A4, BtoB, ELSIE, EXID, EXO, Got7, INFINITE, KARA, Shinee, Sistar, VIXX, Nine Muses, BTS, Secret, Topp Dogg","South Korea","April 28, 2017",2015,"TV-PG","107 min","International Movies, Music & Musicals","The world's biggest K-pop festival marked its 21st year in 2015, with groups such as EXO, 4Minute and SHINee electrifying the Seoul World Cup Stadium.",2017-04-28,"2017-04"
"s6045","TV Show","A Man Called God","","Song Il-gook, Han Chae-young, Kim Min-jong, Go Eun Han, Jung Hoon Lee, Nam Da-Reum, Yoo In-young","South Korea","March 12, 2019",2010,"TV-14","1 Season","Crime TV Shows, International TV Shows, Korean TV Shows","Raised in America, government agent Choi Kang-Ta returns to Korea with the skills of an assassin and a thirst for revenge on his father’s killers.",2019-03-12,"2019-03"
"s6080","TV Show","Abnormal Summit","Jung-ah Im, Seung-uk Jo","Hyun-moo Jun, Si-kyung Sung, Se-yoon Yoo","South Korea"," August 4, 2017",2017,"TV-PG","2 Seasons","International TV Shows, Korean TV Shows, Stand-Up Comedy & Talk Shows","Led by a trio of Korean celebs, a multinational panel of men engage in – usually – lighthearted debates on issues that surround Korea and beyond.",2017-08-04,"2017-08"
"s6191","Movie","Asura: The City of Madness","Sung-soo Kim","Jung-min Hwang, Do-won Kwak, Man-sik Jung, Woo-sung Jung","South Korea","February 15, 2018",2016,"NR","133 min","Action & Adventure, Dramas, International Movies","Caught between a corrupt mayor and a prosecutor intent on exposing political depravity, a police detective must decide whose side he's on.",2018-02-15,"2018-02"
"s6264","TV Show","Beating Again","","Kyung-ho Jung, So-yeon Kim, Hyun-min Yoon, Goo Jin, Hyun-joo Gong, Si-eon Lee, Yeong-gyu Park, Seok-Hwan An, Myung-Ryul Nam, Eun-ji Jo","South Korea","May 22, 2017",2015,"TV-14","1 Season","International TV Shows, Korean TV Shows, Romantic TV Shows","After enduring both business and family upheavals, a ruthless investment director has a heart transplant and finds a new way to look at life and love.",2017-05-22,"2017-05"
"s6393","Movie","Burning","Lee Chang-dong","Yoo Ah-in, Steven Yeun, Jun Jong-seo, Kim Soo-kyung, Moon Sung-keun, ChoI Seung-ho","South Korea, Japan","April 29, 2019",2018,"TV-MA","148 min","Dramas, Independent Movies, International Movies","An aspiring writer goes to the airport to pick up a high school friend returning from a trip to Africa but is disheartened to see her with another man.",2019-04-29,"2019-04"
"s6402","TV Show","Cain and Abel","","So Ji-sub, Shin Hyun-joon, Chae Jung-an, Han Ji-min, Kim Hae-suk, You-Mi Ha, Yong Jang, Kwon Hae-hyo","South Korea","March 12, 2019",2009,"TV-MA","1 Season","International TV Shows, Korean TV Shows, Romantic TV Shows","Gifted doctor Cho-in leads a charmed life while his older brother Seon-woo seethes with jealousy in this series inspired by Biblical characters.",2019-03-12,"2019-03"
"s6414","TV Show","Can We Get Married?","","Sung Jun, So-min Jung, Sung-min Kim, Ae-yeon Jeong, Mi-sook Lee, Eun-sook Sunwoo, Seok-woo Kang, Young-kwang Kim, Han Groo, Jin-soo Kim","South Korea","May 22, 2017",2012,"TV-14","1 Season","International TV Shows, Korean TV Shows, Romantic TV Shows","On the cusp of marriage or divorce, four couples consider the meaning of love, sharing a life, meddling families and the weight of their commitment.",2017-05-22,"2017-05"
"s6458","TV Show","Chef & My Fridge","","Seong-joo Kim​, Jung-hwan Ahn","South Korea"," August 4, 2017",2017,"TV-PG","2 Seasons","International TV Shows, Korean TV Shows, Reality TV","The best chefs of Korea go head-to-head to create impromptu dishes that feature ingredients found inside the guest stars' very own refrigerators.",2017-08-04,"2017-08"
"s6647","TV Show","Dramaworld","","Liv Hewson, Sean Dulake, Justin Chon, Noo-Ri Bae, Sa-hee Kim, Jimmy Shubert","United States, South Korea, China","May 23, 2016",2016,"TV-14","1 Season","Romantic TV Shows, TV Comedies, TV Dramas","A huge fan of a Korean TV drama is transported to a magical realm where she has the power to alter her favorite show's story line as a ""Facilitator.""",2016-05-23,"2016-05"
"s6771","TV Show","Flowering Heart","","Choi Da-in, Yang Se-na, Gim Chae-eun, Esther, Um Sang-hyun, Shin Yong-woo","South Korea","July 1, 2019",2016,"TV-Y7","1 Season","Kids' TV, Korean TV Shows","An ordinary student, who forms an advice club with her friends to help others, gains special powers after a mysterious encounter.",2019-07-01,"2019-07"
"s6966","TV Show","Hidden Singer","","Hyun-moo Jun, Solbi, Dong-hyuk Jang, Young-hoon Joo","South Korea","May 19, 2017",2015,"TV-Y7","1 Season","International TV Shows, Korean TV Shows, Reality TV","Pop stars and impersonators face off to be the last one standing as the audience tries to determine the real singer by listening to their voices only.",2017-05-19,"2017-05"
"s7042","Movie","I Am Sun Mu","Adam Sjöberg","","China, South Korea, United States","February 1, 2017",2015,"NR","88 min","Documentaries, International Movies","A North Korean propagandist who escaped to Seoul now creates satirical art about Kim Jong Il's regime and copes with repercussions of his defection.",2017-02-01,"2017-02"
"s7102","TV Show","마녀사냥","","Si-kyung Sung, Se-yoon Yoo, Dong-yup Shin, Ji-woong Heo, Sam Hammington","South Korea","February 19, 2018",2015,"TV-MA","1 Season","International TV Shows, Korean TV Shows, Stand-Up Comedy & Talk Shows","Four Korean celebrity men and guest stars of both genders discuss women, sex and relationships – to an unprecedented degree of openness.",2018-02-19,"2018-02"
"s7269","TV Show","Last","","Kye-sang Yoon, Beom-su Lee, Ye-ji Seo, Won-sang Park, Ye-jin Park, Hyung-jin Gong, Jong-jun Jeong, Se-ha Ahn, Jae-yee Goo, Yong-woo Lee","South Korea","May 22, 2017",2015,"TV-14","1 Season","Crime TV Shows, International TV Shows, Korean TV Shows","When his big stock plan fails, a hotshot fund manager winds up homeless and must learn the secret ranking system of the street in order to survive.",2017-05-22,"2017-05"
"s7271","Movie","Last Knights","Kazuaki Kiriya","Clive Owen, Morgan Freeman, Cliff Curtis, Aksel Hennie, Peyman Moaadi, Ayelet Zurer, Shohreh Aghdashloo, Tsuyoshi Ihara, Ahn Sung-kee","United Kingdom, South Korea","August 1, 2019",2015,"R","115 min","Action & Adventure","A nobleman who values his people's well-being over his emperor's edicts is killed. His knights vow revenge.",2019-08-01,"2019-08"
"s7332","TV Show","LoliRock","","Kazumi Evans, Kelly Sheridan, Vincent Tong, Ashleigh Ball, Tabitha St. Germain, Mackenzie Gray, Matt Ellis, James Kirk, Chiara Zanni","South Korea, France"," May 1, 2018",2016,"TV-Y","2 Seasons","Kids' TV","A teenager with a beautiful voice becomes a pop star but discovers she has powers that come from a magical realm where she's a lost princess.",2018-05-01,"2018-05"
"s7349","TV Show","Love Rain","","Keun-suk Jang, Yoon-ah Im, Shi-hoo Kim, Eun-seo Son, In-guk Seo, Bo-ra Hwang, Jin-young Jung, Mi-sook Lee","South Korea","May 1, 2018",2012,"TV-PG","1 Season","International TV Shows, Korean TV Shows, Romantic TV Shows","A story of two couples' journey of new love, loss and unexpected reunion spans decades, from the 1970s through present day.",2018-05-01,"2018-05"
"s7421","Movie","Master","Ui-seok Jo","Byung-hun Lee, Dong-won Gang, Woo-bin Kim, Ji-won Uhm, Dal-su Oh, Kyung Jin, Gang Dong-won","South Korea","February 1, 2018",2016,"NR","143 min","Action & Adventure, International Movies","Needing hard evidence to convict a company chairman of fraud, an investigator bargains with the company's tech expert to turn over his boss's ledger.",2018-02-01,"2018-02"
"s7441","Movie","Memoir of a Murderer","Shin-yeon Won","Kyung-gu Seol, Nam-gil Kim, Seol-hyun Kim, Dal-su Oh, Seok-jeong Hwang, In-Gum Jung, Ki-jun Shin, Jin-young Jang, Rina Shin, Hye-yoon Kim","South Korea","February 19, 2018",2017,"TV-MA","118 min","Dramas, International Movies, Thrillers","Hiding his own murderous past, a man suffering from Alzheimer's must protect his daughter from her boyfriend, who he suspects is also a serial killer.",2018-02-19,"2018-02"
"s7481","TV Show","Momo Salon","","Lizzy, Jung-min Park, Sang-hee Lee","South Korea","July 1, 2017",2014,"TV-14","1 Season","International TV Shows, Korean TV Shows, Romantic TV Shows","An aspiring hair stylist opens her own salon. It turns into a mail-holding hub for busy neighbors, but she seizes the chance to promote her business.",2017-07-01,"2017-07"
"s7597","Movie","Norm of the North: King Sized Adventure","Richard Finn, Tim Maltby","Alan Marriott, Andrew Toth, Brian Dobson, Cole Howard, Jennifer Cameron, Jonathan Holmes, Lee Tockar, Lisa Durupt, Maya Kay, Michael Dobson","United States, India, South Korea, China","September 9, 2019",2019,"TV-PG","90 min","Children & Family Movies, Comedies","Before planning an awesome wedding for his grandfather, a polar bear king must take back a stolen artifact from an evil archaeologist first.",2019-09-09,"2019-09"
"s7671","Movie","Operation Chromite","John H. Lee","Jung-jae Lee, Beom-su Lee, Liam Neeson, Se-yeon Jin, Jun-ho Jeong, Cheol-min Park","South Korea","January 15, 2018",2016,"NR","111 min","Action & Adventure, Dramas, International Movies","To pave the way for a major amphibious invasion, a team of South Korean spies goes behind enemy lines to steal a map of North Korean coastal defenses.",2018-01-15,"2018-01"
"s7676","TV Show","Operation Proposal","","Seung-ho Yoo, Eun-bin Park, Kyung-pyo Go, Ye-won Kim, Hyun Jin Lee, Jin-joo Park","South Korea","July 1, 2016",2012,"TV-PG","1 Season","International TV Shows, Korean TV Shows, Romantic TV Shows","On Yi-seul's wedding day, her friend Baek-ho wishes he could turn back time to tell her he loves her. Soon he gets a chance to change everything.",2016-07-01,"2016-07"
"s7832","Movie","Rampant","Kim Sung-hoon","Hyun Bin, Jang Dong-gun, Jo Woo-jin, Jeong Man-sik, Lee Sun-bin, Kim Eui-sung, Cho Dal-hwan, Seo Ji-hye, Kim Tae-woo, Kim Joo-hyuk","South Korea","May 26, 2019",2018,"TV-MA","122 min","Action & Adventure, Horror Movies, International Movies","When Prince Lee Cheong returns to Joseon after his brother’s death, he finds the kingdom plagued by deadly creatures – but they’re not the only threat.",2019-05-26,"2019-05"
"s7969","TV Show","Secret Affair","","Hee-ae Kim, Ah-in Yoo, Hye-jin Shim, Hyuk-kwon Park, Hye-eun Kim, Soo-jin Kyung, Yong-gun Kim, Chang-wan Kim, Tae-hwan Choi, Kan-hie Lee","South Korea","May 22, 2017",2014,"TV-14","1 Season","International TV Shows, Korean TV Shows, Romantic TV Shows","A married middle-aged woman is swept off her feet, both romantically and artistically, by a gifted young pianist.",2017-05-22,"2017-05"
"s7970","Movie","Secret in Their Eyes","Billy Ray","Chiwetel Ejiofor, Nicole Kidman, Julia Roberts, Dean Norris, Michael Kelly, Joe Cole, Zoe Graham, Alfred Molina","United States, United Kingdom, Spain, South Korea","April 1, 2018",2015,"PG-13","111 min","Dramas, Thrillers","A former FBI investigator reopens the haunting 13-year-old murder case of his colleague, only to uncover shocking truths hidden since then.",2018-04-01,"2018-04"
"s8095","TV Show","Stone Age","","Samantha Moon, Nancy Kim, Jacqueline Youn, Mike Yantzi, Anna Paik, Matt Anipen, Josh Schwartzentruber","South Korea","July 1, 2019",2017,"TV-Y7","1 Season","Kids' TV, Korean TV Shows","Woody sets out to become the Stone Age's best animal trainer with a little help from his faithful pet dinosaur, Moga.",2019-07-01,"2019-07"
"s8108","TV Show","Strong Girl Bong-soon","","Park Bo-young, Park Hyung-sik, Ji Soo, Shim Hye-jin, Yu Jae-myeong, Jeon Seok-ho, Im Won-hee, Kim Won-hae","South Korea","November 24, 2019",2017,"TV-14","1 Season","Crime TV Shows, International TV Shows, Korean TV Shows","Born with supernatural strength, Bong-soon fights evil and procures justice while getting tangled in a love triangle with her CEO boss and cop crush.",2019-11-24,"2019-11"
"s8118","TV Show","Suits","","Jang Dong-gun, Park Hyung-sik, Jin Hee-kyung, Chae Jung-an, Ko Sung-hee, Choi Guy-hwa, Kim Young-ho, Lee Sang-yi","South Korea","December 1, 2019",2018,"TV-MA","1 Season","International TV Shows, Korean TV Shows, TV Comedies","A renowned corporate attorney at a prestigious firm gambles on a dropout with a photographic memory but no law degree to help on high-stakes cases.",2019-12-01,"2019-12"
"s8126","TV Show","Super Wings","","Luca Padovan, Evan Smolin, Junah Jang, Colin Critchley","United States, South Korea, China","December 1, 2020",2020,"TV-Y","3 Seasons","Kids' TV, Korean TV Shows","A cheerful jet and his transforming pals strive to find peaceful solutions to their problems while delivering packages to children around the globe.",2020-12-01,"2020-12"
"s8187","Movie","The Age of Shadows","Jee-woon Kim","Kang-ho Song, Gong Yoo, Ji-min Han, Tae-goo Eom, Sung-rok Shin, Hee-soon Park, Young-ju Seo, Song Kang-ho","South Korea","January 1, 2018",2016,"TV-MA","140 min","Action & Adventure, Dramas, International Movies","Formerly a Korean resistance fighter, a policeman working for Japan is tasked with tracking down resistance leaders before they acquire explosives.",2018-01-01,"2018-01"
"s8258","TV Show","The Cravings","","Park Hee-bon, Phillip Choi, Hong Wan-pyo, Choi Bae-yeong, Hyuk-kwon Park, Yang Hyeon-min","South Korea"," April 20, 2017",2016,"TV-14","2 Seasons","International TV Shows, Korean TV Shows, TV Comedies","Thirtysomething career woman Jae-yeong attempts to juggle her job and personal relationships, all the while never failing to eat well.",2017-04-20,"2017-04"
"s8331","Movie","The Great Battle","","Zo In-sung, Nam Joo-hyuk, Park Sung-woong, Bae Seong-woo, Seolhyun, Jung Eun-chae, Yu Oh-seong, Sung Dong-il, Oh Dae-whan","South Korea","April 8, 2019",2018,"TV-MA","136 min","Action & Adventure, Dramas, International Movies","In seventh-century Korea, the commander of Ansi Fortress, Yang Man-chun, combats Tang invaders in a retelling of an epic clash against all odds.",2019-04-08,"2019-04"
"s8380","TV Show","The Lady in Dignity","","Hee-seon Kim, Seon-a Kim, Sang-hun Jeong, Tae-im Lee, Ki-woo Lee","South Korea","January 30, 2018",2017,"TV-MA","1 Season","International TV Shows, Korean TV Shows, TV Dramas","The wife of a corporate heir finds her luxurious life overturned by a mysterious woman who joins the household as a caregiver for her father-in-law.",2018-01-30,"2018-01"
"s8419","Movie","The Mayor","Park In-je","Min-sik Choi, Do-won Kwak, Eun-kyung Shim, So-ri Moon, Mi-ran Ra, Hye-young Ryu, Ki Hong Lee, Sun-gyu Jin, Joo-yeon Lee, Byeong-eun Park","South Korea","September 30, 2017",2017,"TV-MA","130 min","Dramas, International Movies","With the presidency in mind, the incumbent mayor of Seoul runs for an unprecedented third term – and will stop at nothing to keep his secrets hidden.",2017-09-30,"2017-09"
"s8464","Movie","The President's Barber","Chan-sang Lim","Kang-ho Song, So-ri Moon, Jae-eung Lee, Yeong-jin Jo, Byung-ho Son, Yong-soo park, Seung-soo Ryu, Ju-sang Yun, Gyu-su Jeong, Dal-su Oh","South Korea","October 1, 2017",2004,"TV-MA","116 min","Comedies, Dramas, International Movies","The personal barber to the president, as well as his wife and only son, get tangled in the political chaos that gripped South Korea in the late 1900s.",2017-10-01,"2017-10"
"s8468","Movie","The Prison","Na Hyeon","Suk-kyu Han, Rae-won Kim, Kyeong-yeong Lee, Woong-in Jeong, Jae-yun Jo, Sung-rok Shin, Kim Sung-kyun, Kwak Min-ho","South Korea","November 18, 2017",2017,"TV-MA","125 min","Action & Adventure, Dramas, International Movies","A cop-turned-convict discovers a crime syndicate inside a prison lorded over by an inmate crime boss – and joins in on their nightly heists.",2017-11-18,"2017-11"
"s8485","Movie","The Rift: The Dark Side of the Moon","Dejan Zečević","Ken Foree, Katarina Čas, Dragan Mićanović, Monte Markham, Denis Murić, Miroljub Lešo, Sonja Vukićević, Ratko Turčinović, Mick Garris","Serbia, South Korea, Slovenia","February 26, 2018",2016,"TV-MA","92 min","Horror Movies, Independent Movies, Sci-Fi & Fantasy","When a team of special agents is sent to recover the wreckage of a downed satellite in Serbia, their mission takes a horrifying turn.",2018-02-26,"2018-02"
"s8576","TV Show","This Is My Love","","Jin-mo Joo, Sa-rang Kim, Junior, Ja-in Lee, Sung-hyun Baek, So-hui Yoon","South Korea","May 22, 2017",2015,"TV-14","1 Season","International TV Shows, Korean TV Shows, Romantic TV Shows","A renowned actor who is still pining over the loss of his first real love writes an autobiography about his memories of her, hoping to reconnect.",2017-05-22,"2017-05"
"s8614","Movie","Train to Busan","Sang-ho Yeon","Gong Yoo, Yu-mi Jung, Dong-seok Ma, Soo-an Kim, Woo Shik Choi, Sohee, Eui-sung Kim","South Korea","March 18, 2017",2016,"TV-MA","118 min","Action & Adventure, Horror Movies, International Movies","As a zombie outbreak sweeps the country, a dad and his daughter take a harrowing train journey in an attempt to reach the only city that's still safe.",2017-03-18,"2017-03"
"s8685","TV Show","Vroomiz","","Joon-seok Song, Jeong-hwa Yang, Sang-hyun Um, So-yeong Lee, Jeong-shin Woo, So-yeong Hong, Tae-yeol Jeon","South Korea"," August 1, 2017",2016,"TV-Y","3 Seasons","Kids' TV, Korean TV Shows","For these half-car, half-animal friends, each day in Zippy City is a chance to have fun, be creative and use teamwork to solve difficult problems.",2017-08-01,"2017-08"
"s8798","TV Show","Zak Storm","","Michael Johnston, Jessica Gee-George, Christine Marie Cabanos, Christopher Smith, Max Mittelman, Reba Buhr, Kyle Hebert","United States, France, South Korea, Indonesia","September 13, 2018",2016,"TV-Y7","3 Seasons","Kids' TV","Teen surfer Zak Storm is mysteriously transported to the Bermuda Triangle, where he becomes the captain of a magical ship full of misfits.",2018-09-13,"2018-09"
